/*!40101 SET @OLD_CHARACTER_SET_CLIENT=@@CHARACTER_SET_CLIENT */;
/*!40101 SET NAMES utf8 */;
/*!50503 SET NAMES utf8mb4 */;
/*!40103 SET @OLD_TIME_ZONE=@@TIME_ZONE */;
/*!40103 SET TIME_ZONE='+00:00' */;
/*!40014 SET @OLD_FOREIGN_KEY_CHECKS=@@FOREIGN_KEY_CHECKS, FOREIGN_KEY_CHECKS=0 */;
/*!40101 SET @OLD_SQL_MODE=@@SQL_MODE, SQL_MODE='NO_AUTO_VALUE_ON_ZERO' */;
/*!40111 SET @OLD_SQL_NOTES=@@SQL_NOTES, SQL_NOTES=0 */;

CREATE DATABASE IF NOT EXISTS `bd_piladora_palestina` /*!40100 DEFAULT CHARACTER SET utf8mb4 COLLATE utf8mb4_general_ci */;
USE `bd_piladora_palestina`;

CREATE TABLE IF NOT EXISTS `articulo` (
  `artId` int(11) NOT NULL AUTO_INCREMENT,
  `codigo` varchar(10) DEFAULT NULL,
  `nombre` varchar(100) DEFAULT NULL,
  `descripcion` varchar(500) DEFAULT NULL,
  `img` varchar(500) DEFAULT NULL,
  `ubicacion` varchar(100) DEFAULT NULL,
  `fecha_alta` date DEFAULT NULL,
  `presentacion` varchar(100) DEFAULT NULL,
  `marca` varchar(100) DEFAULT NULL,
  `modelo` varchar(100) DEFAULT NULL,
  `stock_minimo` int(10) DEFAULT NULL,
  `stock` int(10) DEFAULT NULL,
  `precio` decimal(10,2) DEFAULT NULL,
  `costo` decimal(10,2) DEFAULT NULL,
  `pvp` decimal(10,2) DEFAULT NULL,
  `iva` bit(1) DEFAULT NULL,
  `fecharegistro` datetime DEFAULT NULL,
  `observacion` varchar(100) DEFAULT NULL,
  `activo` int(1) DEFAULT NULL,
  `proId` int(11) NOT NULL,
  `ctgId` int(11) NOT NULL,
  PRIMARY KEY (`artId`),
  KEY `Ref92` (`proId`),
  KEY `Ref83` (`ctgId`),
  CONSTRAINT `Refcategoria_articulo32` FOREIGN KEY (`ctgId`) REFERENCES `categoria_articulo` (`ctgId`),
  CONSTRAINT `Refproveedor22` FOREIGN KEY (`proId`) REFERENCES `proveedor` (`proId`)
) ENGINE=InnoDB AUTO_INCREMENT=52 DEFAULT CHARSET=latin1 COLLATE=latin1_swedish_ci;

DELETE FROM `articulo`;
INSERT INTO `articulo` (`artId`, `codigo`, `nombre`, `descripcion`, `img`, `ubicacion`, `fecha_alta`, `presentacion`, `marca`, `modelo`, `stock_minimo`, `stock`, `precio`, `costo`, `pvp`, `iva`, `fecharegistro`, `observacion`, `activo`, `proId`, `ctgId`) VALUES
	(40, '6', 'ARROZ GRANULADO', 'ARROZ GRANULADO', '../../static/img/img/avatar.png', 'Milagro', '2017-02-28', 'POR LIBRAS', 'ND', 'ND', 20, 9008, 0.24, 0.18, 0.00, b'1', '2017-02-28 19:57:18', 'Se vende por quintal', 0, 20, 19),
	(41, '7', 'ARROZ INTEGRAL', 'ARROZ INTEGRAL', '../../static/img/img/avatar.png', 'Naranjito', '2017-03-06', 'POR LIBRAS', 'DN', 'ND', 800, 2000, 0.24, 0.18, 0.00, b'0', '2017-03-06 23:39:40', 'Se vende por saco', 0, 19, 20),
	(42, '8', 'ARROZ GRANO LARGO', 'ARROZ GRANO LARGO', '../../static/img/img/avatar.png', 'Naranjito', '2017-03-06', 'POR LIBRAS', 'DN', 'ND', 100, 2214, 0.24, 0.18, 0.00, b'1', '2017-03-06 23:45:23', 'Se vende por quintal', 0, 19, 21),
	(43, '9', 'ARROZ GRANULADO', 'ARROZ GRANULADO', '../../static/img/img/avatar.png', 'Naranjito', '2017-03-06', 'POR LIBRAS', 'ND', 'ND', 100, 4043, 0.24, 0.18, 0.00, b'0', '2017-03-06 23:46:23', 'Se vende por quintal', 0, 19, 19),
	(44, '10', 'ARROZ GRANULADO', 'ARROZ GRANULADO', '../../static/img/img/avatar.png', 'Bucay', '2017-03-06', 'POR LIBRAS', 'ND', 'ND', 100, 4974, 0.24, 0.18, 0.00, b'1', '2017-03-06 23:47:19', 'Se vende por sacos', 0, 19, 19),
	(45, '5', 'MARTILLO', 'MARTILLO', '../../static/img/img/avatar.png', 'Naranjito', '2017-04-08', 'UNIDAD', 'ND', 'ND', 5, 7200, 0.34, 0.21, 0.00, b'0', '2017-04-08 08:26:18', 'Se vende por quintal', 1, 19, 35),
	(46, '4', 'CERRUCHO', 'CERRUCHO', '../../static/img/img/avatar.png', 'MILAGRO', '2018-05-14', 'UNIDAD', 'trr', 'trtrt', 5, 1912, 0.24, 0.36, 0.00, b'0', '2018-05-14 16:52:38', 'gtdrdfdfffg', 1, 23, 35),
	(47, '3', 'CLAVO MEDIA PULGADA', 'CLAVO MEDIA PULGADA', '../../static/img/img/avatar.png', 'Milagro', '2018-10-11', 'UNIDAD', '', '', 5, 12554, 0.34, 0.18, 0.00, b'0', '2018-10-11 08:59:40', 'se vende por libra', 1, 25, 35),
	(48, '1', 'ARROZ GRANO LARGO', 'ARROZ GRANO LARGO', '../../static/img/img/avatar.png', 'Naranjito ', '2018-10-11', 'POR LIBRAS', '', '', 10, 14650, 0.24, 0.18, 0.00, b'0', '2018-10-11 09:38:46', 'no se puede quedar vacio el stock ', 0, 20, 20),
	(49, '2', 'ASPIRADORA', 'ASPIRADORA', '../../static/img/img/avatar.png', 'PALESTINA', '2022-11-25', 'POR UNIDAD', '', '', 5, 5, 0.18, 0.15, 0.00, b'0', '2022-11-25 05:02:22', 'NINGUNA', 1, 19, 35),
	(50, '11', 'LLAVE 10', 'LLAVE 10', '../../static/img/img/avatar.png', 'PALESTINA', '2022-11-25', 'UNIDAD', '', '', 5, 24, 0.21, 0.17, 0.00, b'0', '2022-11-25 05:09:43', 'NINGUNA', 1, 19, 38),
	(51, '0', 'LLAVE 11', 'LLAVE 11', '../../static/img/img/avatar.png', 'PALESTINA', '2022-11-25', 'UNIDAD', '', '', 2, 0, 2.23, 1.89, 0.00, b'0', '2022-11-25 05:12:40', 'NINGUNA', 1, 22, 39);

CREATE TABLE IF NOT EXISTS `categoria_articulo` (
  `ctgId` int(11) NOT NULL AUTO_INCREMENT,
  `nombre` varchar(50) DEFAULT NULL,
  `estado` int(1) DEFAULT NULL,
  PRIMARY KEY (`ctgId`)
) ENGINE=InnoDB AUTO_INCREMENT=42 DEFAULT CHARSET=latin1 COLLATE=latin1_swedish_ci;

DELETE FROM `categoria_articulo`;
INSERT INTO `categoria_articulo` (`ctgId`, `nombre`, `estado`) VALUES
	(19, 'Criollo', 0),
	(20, 'Forastero', 0),
	(21, 'Trinitario', 0),
	(22, 'Criollo Sudamericano ', 0),
	(23, 'Criollo', 0),
	(24, 'Criollo', 0),
	(25, 'Criollo', 0),
	(26, 'Criollo', 0),
	(27, 'Criollo', 0),
	(28, 'Criollo', 0),
	(29, 'Criollo', 0),
	(30, 'Criollo', 0),
	(31, 'Criollo', 0),
	(32, 'Criollo', 0),
	(33, 'Criollo', 0),
	(34, 'Criollo', 0),
	(35, 'FORMA', 1),
	(36, 'Criollo', 0),
	(37, 'Criollo', 0),
	(38, 'AROMA', 1),
	(39, 'PROCESADO', 1),
	(40, 'ecuatoriano ', 0),
	(41, 'ejemplo', 0);

CREATE TABLE IF NOT EXISTS `categoria_personal` (
  `ctgId` int(11) NOT NULL AUTO_INCREMENT,
  `nombre` varchar(35) DEFAULT NULL,
  `estado` int(1) DEFAULT NULL,
  PRIMARY KEY (`ctgId`)
) ENGINE=InnoDB AUTO_INCREMENT=29 DEFAULT CHARSET=latin1 COLLATE=latin1_swedish_ci;

DELETE FROM `categoria_personal`;
INSERT INTO `categoria_personal` (`ctgId`, `nombre`, `estado`) VALUES
	(28, 'categoria_personal', 1);

CREATE TABLE IF NOT EXISTS `ciudad` (
  `ciuId` int(11) NOT NULL AUTO_INCREMENT,
  `prvId` int(11) NOT NULL,
  `nombre` varchar(35) NOT NULL,
  `estado` int(1) DEFAULT NULL,
  PRIMARY KEY (`ciuId`,`prvId`),
  KEY `Ref127` (`prvId`),
  CONSTRAINT `Refprovincia72` FOREIGN KEY (`prvId`) REFERENCES `provincia` (`prvId`)
) ENGINE=InnoDB AUTO_INCREMENT=61 DEFAULT CHARSET=latin1 COLLATE=latin1_swedish_ci;

DELETE FROM `ciudad`;
INSERT INTO `ciudad` (`ciuId`, `prvId`, `nombre`, `estado`) VALUES
	(31, 820, 'Cuenca  ', 1),
	(33, 821, 'Guaranda', 1),
	(35, 823, 'Riobamba', 1),
	(36, 824, 'Latacunga', 1),
	(38, 821, 'San Rafael', 1),
	(39, 828, 'Naranjito', 1),
	(40, 828, 'Milagro', 1),
	(41, 828, 'Simon Bolivar', 1),
	(42, 828, 'Colimes', 1),
	(43, 828, 'Daule', 1),
	(44, 828, 'El Triunfo', 1),
	(45, 828, 'Posorja', 1),
	(46, 828, 'Yaguachi', 1),
	(47, 828, 'Samborondon', 1),
	(48, 828, 'Duran', 1),
	(49, 828, 'Pedro Carbo', 1),
	(50, 828, 'Alfredo Baquerizo Moreno', 1),
	(51, 828, 'Guayaquil', 1),
	(52, 828, 'Simon Bolivar', 1),
	(53, 828, 'Balao', 1),
	(54, 830, 'Ibarra', 1),
	(55, 830, 'Otavalo', 1),
	(56, 830, 'Cotacachi', 1),
	(57, 838, 'Quito', 1),
	(58, 838, 'Cayambe', 1),
	(59, 826, 'Atacames', 1),
	(60, 829, 'Tulcan', 1);

CREATE TABLE IF NOT EXISTS `cliente` (
  `cliId` int(11) NOT NULL AUTO_INCREMENT,
  `codigo` varchar(10) DEFAULT NULL,
  `img` varchar(500) DEFAULT NULL,
  `cedula` varchar(13) DEFAULT NULL,
  `big` bit(1) DEFAULT NULL,
  `nombre` varchar(35) DEFAULT NULL,
  `apellido` varchar(35) DEFAULT NULL,
  `genero` char(1) DEFAULT NULL,
  `telefono` varchar(20) DEFAULT NULL,
  `email` varchar(80) DEFAULT NULL,
  `direccion` varchar(80) DEFAULT NULL,
  `fecharegistro` datetime DEFAULT NULL,
  `estado` int(1) DEFAULT NULL,
  `ciuId` int(11) NOT NULL,
  `prvId` int(11) DEFAULT NULL,
  PRIMARY KEY (`cliId`),
  KEY `Ref139` (`ciuId`,`prvId`),
  CONSTRAINT `Refciudad92` FOREIGN KEY (`ciuId`, `prvId`) REFERENCES `ciudad` (`ciuId`, `prvId`)
) ENGINE=InnoDB AUTO_INCREMENT=111 DEFAULT CHARSET=latin1 COLLATE=latin1_swedish_ci;

DELETE FROM `cliente`;
INSERT INTO `cliente` (`cliId`, `codigo`, `img`, `cedula`, `big`, `nombre`, `apellido`, `genero`, `telefono`, `email`, `direccion`, `fecharegistro`, `estado`, `ciuId`, `prvId`) VALUES
	(91, '01', '../../static/img/img/avatar.png', '9999999999', b'1', 'CONSUMIDOR', 'FINAL', 'f', '0999999999', 'example@example.com', 'SN ', '2017-04-08 08:17:50', 1, 33, 821),
	(92, '002', '../../static/img/cliente/ATITO.jpg', '0929766350', b'1', 'Carlos', 'Astudillo', 'f', '0333333333', 'carlosastudillo@hotmail.com', 'Milagro', '2017-04-08 08:19:01', 0, 36, 824),
	(93, '003', '../../static/img/cliente/ATITO.jpg', '0913353728', b'1', 'Marcos', 'Meza', 'f', '0333333333', 'marcosmeza@hotmail.com', 'Milagro', '2017-04-08 08:29:53', 0, 38, 821),
	(105, '004', '../../static/img/cliente/Hydrangeas.jpg', '0929768745', b'0', 'Andy', 'Roman', 'm', '0939399098', 'andresroman_18@hotmail.com', 'Rcto. Primavera', '2017-10-10 12:56:22', 0, 38, 821),
	(106, '0', '../../static/img/img/avatar.png', '0942285354', b'1', 'Petita', 'Cujilema', 'f', '0989685852', '09petis@gmail.com', 'lisboa ', '2018-05-14 16:42:23', 0, 45, 828),
	(107, '4', '../../static/img/img/avatar.png', '0940868862', b'1', 'Sofia', 'Zambrano ', 'f', '0987656789', 'jejeje@gmail.com', 'Milagro', '2018-05-14 16:43:28', 0, 40, 828),
	(108, '02', '../../static/img/img/avatar.png', '0940868862', b'0', 'Mariana', 'Coello', 'f', '0987660987', 'jejeje@gmail.com', 'Milagro', '2018-05-14 17:11:00', 0, 44, 828),
	(109, '02', '../../static/img/img/avatar.png', '0940868862', b'0', 'Mariana', 'Coello', 'f', '0987660987', 'jejeje@gmail.com', 'Milagro', '2018-05-14 17:11:00', 0, 44, 828);

CREATE TABLE IF NOT EXISTS `compra` (
  `compId` int(10) NOT NULL AUTO_INCREMENT,
  `proveedor` varchar(50) DEFAULT NULL,
  `fecha` datetime DEFAULT NULL,
  `contado` bit(1) DEFAULT NULL,
  `subtotal` decimal(9,2) DEFAULT NULL,
  `descuento` decimal(9,2) DEFAULT NULL,
  `impuesto` decimal(9,2) DEFAULT NULL,
  `total` decimal(9,2) DEFAULT NULL,
  `usuId` int(10) NOT NULL,
  `proId` int(10) NOT NULL,
  PRIMARY KEY (`compId`),
  KEY `usuId` (`usuId`),
  KEY `proId` (`proId`),
  CONSTRAINT `compra_ibfk_1` FOREIGN KEY (`usuId`) REFERENCES `usuario` (`usuId`),
  CONSTRAINT `compra_ibfk_2` FOREIGN KEY (`proId`) REFERENCES `proveedor` (`proId`)
) ENGINE=InnoDB AUTO_INCREMENT=137 DEFAULT CHARSET=latin1 COLLATE=latin1_swedish_ci;

DELETE FROM `compra`;
INSERT INTO `compra` (`compId`, `proveedor`, `fecha`, `contado`, `subtotal`, `descuento`, `impuesto`, `total`, `usuId`, `proId`) VALUES
	(1, 'Corp.Merino', '2017-03-06 01:50:10', b'1', 300.00, 0.00, 42.00, 342.00, 33, 19),
	(2, 'Corp.Merino', '2017-03-06 02:05:41', b'1', 300.00, 0.00, 42.00, 342.00, 33, 19),
	(3, 'Corp.vera', '2017-03-06 02:15:18', b'1', 1200.00, 0.00, 168.00, 1368.00, 33, 20),
	(4, 'Corp.Merino', '2017-03-06 03:03:25', b'1', 4500.00, 0.00, 630.00, 5130.00, 33, 19),
	(5, 'Corp.vera', '2017-03-06 03:12:17', b'1', 9000.00, 0.00, 1260.00, 10260.00, 33, 20),
	(6, 'Corp.Merino', '2017-03-06 03:12:43', b'1', 9000.00, 0.00, 1260.00, 10260.00, 33, 19),
	(7, 'Corp.Merino', '2017-03-06 03:13:05', b'1', 1500.00, 0.00, 210.00, 1710.00, 33, 19),
	(8, 'Corp.Merino', '2017-03-06 03:13:16', b'1', 9000.00, 0.00, 1260.00, 10260.00, 33, 19),
	(9, 'Corp.Merino', '2017-03-06 03:13:41', b'1', 15000.00, 0.00, 2100.00, 17100.00, 33, 19),
	(10, 'Corp.Merino', '2017-03-06 03:13:57', b'1', 30000.00, 0.00, 4200.00, 34200.00, 33, 19),
	(11, 'Corp.Merino', '2017-03-06 03:14:35', b'1', 900000.00, 0.00, 126000.00, 999999.99, 33, 19),
	(12, 'Corp.Merino', '2017-03-06 03:18:22', b'1', 9000.00, 0.00, 1260.00, 10260.00, 33, 19),
	(13, 'Corp.vera', '2017-03-06 06:03:50', b'0', 3000.00, 0.00, 420.00, 3420.00, 33, 20),
	(14, 'Corp.vera', '2017-03-06 23:40:51', b'1', 2310.00, 0.00, 323.40, 2633.40, 33, 20),
	(15, 'Corp.vera', '2017-03-06 23:49:33', b'1', 35136.00, 0.00, 4919.04, 40055.04, 33, 20),
	(16, 'Corp.vera', '2017-03-12 06:37:34', b'1', 999999.99, 0.00, 210000.00, 999999.99, 33, 20),
	(17, 'Corp.Jefferson', '2017-03-14 00:18:15', b'1', 15000.00, 0.00, 2100.00, 17100.00, 33, 22),
	(18, 'Corp.Janina', '2017-03-14 00:18:28', b'1', 30000.00, 0.00, 4200.00, 34200.00, 33, 23),
	(19, 'Corp.Nestor', '2017-03-14 00:18:39', b'1', 3600.00, 0.00, 504.00, 4104.00, 33, 24),
	(20, 'Corp.Jhonatan', '2017-03-14 00:18:51', b'1', 3660.00, 0.00, 512.40, 4172.40, 33, 25),
	(21, 'Corp.Jefferson', '2017-03-14 05:10:45', b'1', 3.00, 0.00, 0.42, 3.42, 33, 22),
	(22, 'Corp.Janina', '2017-03-14 05:11:52', b'1', 9999999.99, 0.00, 9999999.99, 9999999.99, 33, 23),
	(23, 'Corp.Jhonatan', '2017-03-14 05:21:55', b'1', 1320000.00, 0.00, 184800.00, 1504800.00, 33, 25),
	(24, 'Corp.Merino', '2017-04-07 21:12:54', b'0', 9327.00, 0.00, 1305.78, 10632.78, 33, 19),
	(25, 'Corp.Merino', '2017-04-08 04:59:39', b'1', 4500.00, 0.00, 630.00, 5130.00, 33, 19),
	(26, 'Corp.Nestor', '2017-04-08 17:08:32', b'1', 6500.00, 0.00, 910.00, 7410.00, 33, 24),
	(27, 'Corp.Merino', '2017-04-11 19:10:03', b'1', 15.00, 0.00, 2.10, 17.10, 33, 19),
	(28, 'Corp.Nestor', '2017-04-11 19:13:25', b'1', 15.00, 0.00, 2.10, 17.10, 33, 24),
	(29, 'Corp.Merino', '2017-04-11 19:14:12', b'1', 62.00, 0.00, 8.68, 70.68, 33, 19),
	(30, 'Corp.Janina', '2017-04-11 19:15:24', b'1', 24.00, 0.00, 3.36, 27.36, 33, 23),
	(31, 'Corp.Merino', '2017-04-11 19:15:50', b'1', 190.00, 0.00, 26.60, 216.60, 33, 19),
	(32, 'Corp.Merino', '2017-04-11 19:16:08', b'1', 3.00, 0.00, 0.42, 3.42, 33, 19),
	(33, 'Corp.Merino', '2017-04-11 19:16:23', b'1', 156.00, 0.00, 21.84, 177.84, 33, 19),
	(34, 'Corp.Merino', '2017-04-11 19:22:16', b'1', 57.00, 0.00, 7.98, 64.98, 33, 19),
	(35, 'Corp.Merino', '2017-04-11 19:22:34', b'1', 54.00, 0.00, 7.56, 61.56, 33, 19),
	(36, 'Corp.Merino', '2017-04-11 19:22:53', b'1', 33.00, 0.00, 4.62, 37.62, 33, 19),
	(37, 'Corp.Jefferson', '2017-04-12 00:46:59', b'1', 342.00, 0.00, 47.88, 389.88, 33, 22),
	(38, 'Corp.Merino', '2017-04-12 03:05:15', b'1', 340.00, 0.00, 0.00, 340.00, 33, 19),
	(39, 'Corp.Merino', '2017-04-12 03:18:42', b'1', 745.00, 74.50, 0.00, 670.50, 33, 19),
	(40, 'Corp.Merino', '2017-04-12 03:19:49', b'1', 135.00, 27.00, 0.00, 108.00, 33, 19),
	(41, 'Corp.Merino', '2017-04-12 03:29:55', b'1', 300000.00, 0.00, 0.00, 300000.00, 33, 19),
	(42, 'Corp.Merino', '2017-04-12 03:31:32', b'1', 2700000.00, 540000.00, 0.00, 2160000.00, 33, 19),
	(43, 'Corp.Merino', '2017-04-12 04:51:21', b'1', 12035.00, 6017.50, 0.00, 6017.50, 33, 19),
	(44, 'Corp.Merino', '2017-04-12 05:02:38', b'1', 21.00, 0.00, 0.00, 21.00, 33, 19),
	(45, 'Corp.Merino', '2017-04-12 20:36:20', b'1', 9.00, 0.00, 0.00, 9.00, 33, 19),
	(46, 'Corp.Vera', '2017-05-13 20:19:48', b'1', 1350000.00, 40500.00, 0.00, 1309500.00, 33, 20),
	(47, 'Corp.Merino', '2017-06-29 23:48:52', b'1', 75.00, 0.00, 0.00, 75.00, 33, 19),
	(48, 'Corp.Vera', '2017-07-21 02:13:23', b'1', 12.00, 0.00, 0.00, 12.00, 33, 20),
	(49, 'Corp.Jefferson', '2017-07-21 02:19:40', b'1', 21.00, 0.00, 0.00, 21.00, 33, 22),
	(50, 'Corp.Merino', '2017-07-21 02:54:25', b'1', 15.00, 0.00, 0.00, 15.00, 33, 19),
	(51, 'Corp.Merino', '2017-07-20 20:39:00', b'1', 18.00, 0.00, 0.00, 18.00, 33, 19),
	(52, 'Corp.Janina', '2017-07-20 20:39:45', b'1', 18.00, 0.00, 0.00, 18.00, 33, 23),
	(53, 'Corp.Merino', '2017-07-20 20:40:14', b'1', 18.00, 0.00, 0.00, 18.00, 33, 19),
	(54, 'Corp.Janina', '2017-07-20 20:46:42', b'1', 12.00, 0.00, 0.00, 12.00, 33, 23),
	(55, 'Corp.Merino', '2017-07-20 20:53:28', b'1', 15.00, 0.00, 0.00, 15.00, 33, 19),
	(56, 'Corp.Merino', '2017-07-20 20:56:41', b'1', 21.00, 0.00, 0.00, 21.00, 33, 19),
	(57, 'Corp.Merino', '2017-07-20 20:57:18', b'1', 15.00, 0.00, 0.00, 15.00, 33, 19),
	(58, 'Corp.Vera', '2017-07-20 21:06:18', b'1', 18.00, 1.08, 0.00, 16.92, 33, 20),
	(59, 'Corp.Jefferson', '2017-07-20 21:08:57', b'1', 10.80, 0.00, 0.00, 10.80, 33, 22),
	(60, 'Corp.Merino', '2017-07-20 21:09:26', b'1', 15.00, 0.00, 0.00, 15.00, 33, 19),
	(61, 'Corp.Merino', '2017-07-20 21:09:44', b'1', 9.00, 0.00, 0.00, 9.00, 33, 19),
	(62, 'Corp.Merino', '2017-07-20 21:10:06', b'1', 15.00, 0.00, 0.00, 15.00, 33, 19),
	(63, 'Corp.Merino', '2017-07-20 21:10:16', b'1', 21.00, 0.00, 0.00, 21.00, 33, 19),
	(64, 'Corp.Merino', '2017-07-20 21:10:31', b'1', 15.00, 0.00, 0.00, 15.00, 33, 19),
	(65, 'Corp.Merino', '2017-07-20 21:10:46', b'1', 15.00, 0.00, 0.00, 15.00, 33, 19),
	(66, 'Corp.Merino', '2017-07-20 21:12:35', b'1', 15.00, 0.00, 0.00, 15.00, 33, 19),
	(67, 'Corp.Merino', '2017-07-20 21:13:14', b'1', 15.00, 0.00, 0.00, 15.00, 33, 19),
	(68, 'Corp.Janina', '2017-07-24 12:56:03', b'1', 13.50, 0.00, 0.00, 13.50, 33, 23),
	(69, 'Corp.Nestor', '2017-07-24 12:57:50', b'1', 45.60, 0.00, 0.00, 45.60, 33, 24),
	(70, 'Corp.Merino', '2017-07-24 12:58:45', b'1', 27.00, 0.00, 0.00, 27.00, 33, 19),
	(71, 'Corp.Merino', '2017-07-24 12:59:46', b'1', 30.00, 0.00, 0.00, 30.00, 33, 19),
	(72, 'Corp.Merino', '2017-07-24 13:00:52', b'1', 29.70, 0.00, 0.00, 29.70, 33, 19),
	(73, 'Corp.Janina', '2017-07-24 13:04:08', b'1', 5.40, 0.00, 0.00, 5.40, 33, 23),
	(74, 'Grupo Cacaotero Naranjito', '2017-07-24 13:27:49', b'1', 150.00, 0.00, 0.00, 150.00, 33, 19),
	(75, 'Grupo Cacaotero Naranjito', '2017-07-25 18:08:47', b'1', 3000.00, 300.00, 600.00, 3300.00, 33, 19),
	(76, 'Grupo Cacaotero Naranjito', '2017-10-04 23:24:09', b'1', 13.50, 0.00, 1.62, 15.12, 34, 19),
	(77, 'Grupo Cacaotero Naranjito', '2017-10-04 23:26:20', b'1', 3.00, 0.00, 0.24, 3.24, 34, 19),
	(78, 'Grupo Cacaotero Naranjito', '2017-10-04 23:27:00', b'1', 3.00, 0.00, 0.24, 3.24, 34, 19),
	(79, 'Grupo Cacaotero Naranjito', '2017-10-04 23:27:33', b'1', 3.00, 0.00, 0.24, 3.24, 34, 19),
	(80, 'Grupo Cacaotero Naranjito', '2017-10-04 23:30:03', b'1', 3.00, 0.00, 0.24, 3.24, 34, 19),
	(81, 'Grupo Cacaotero Naranjito', '2017-10-04 23:30:53', b'1', 3.00, 0.00, 0.24, 3.24, 34, 19),
	(82, 'Grupo Cacaotero Naranjito', '2017-10-04 23:30:54', b'1', 3.00, 0.00, 0.24, 3.24, 34, 19),
	(83, 'Grupo Cacaotero Naranjito', '2017-10-04 23:32:05', b'1', 3.00, 0.00, 0.24, 3.24, 33, 19),
	(84, 'Grupo Cacaotero Naranjito', '2017-10-04 23:33:06', b'1', 3.00, 0.00, 0.24, 3.24, 33, 19),
	(85, 'Grupo Cacaotero Naranjito', '2017-10-04 23:33:37', b'1', 3.00, 0.00, 0.24, 3.24, 33, 19),
	(86, 'Grupo Cacaotero Naranjito', '2017-10-04 23:34:06', b'1', 3.00, 0.00, 0.24, 3.24, 33, 19),
	(87, 'Grupo Cacaotero Naranjito', '2017-10-04 23:34:38', b'1', 3.00, 0.00, 0.24, 3.24, 33, 19),
	(88, 'Grupo Cacaotero Naranjito', '2017-10-04 23:34:56', b'1', 3.00, 0.00, 0.24, 3.24, 33, 19),
	(89, 'Grupo Cacaotero Naranjito', '2017-10-04 23:38:41', b'1', 300.00, 0.00, 36.00, 336.00, 34, 19),
	(90, 'Grupo Cacaotero Naranjito', '2017-10-05 01:14:36', b'1', 32.40, 8.10, 3.89, 28.19, 33, 19),
	(91, 'Grupo Cacaotero Naranjito', '2017-10-05 02:13:50', b'1', 25.20, 0.00, 3.02, 28.22, 33, 19),
	(92, 'Grupo Cacaotero Naranjito', '2017-10-05 02:46:27', b'1', 140.00, 0.00, 16.80, 156.80, 33, 19),
	(93, 'Grupo Cacaotero Vera', '2017-10-09 18:40:09', b'1', 156.80, 0.00, 18.82, 175.62, 33, 20),
	(94, 'Grupo Cacaotero Naranjito', '2017-10-12 23:22:12', b'1', 56.00, 0.00, 6.72, 62.72, 33, 19),
	(95, 'Grupo Cacaotero Naranjito', '2018-05-14 17:23:18', b'1', 70.62, 3.53, 8.47, 75.56, 33, 19),
	(96, 'Grupo Cacaotero Naranjito', '2018-05-14 18:58:34', b'1', 13.50, 0.00, 0.27, 13.77, 33, 19),
	(97, 'Bryan Carrasco', '2018-06-07 21:17:48', b'1', 344.40, 0.00, 41.33, 105.73, 33, 27),
	(98, 'Grupo Cacaotero El Deseo', '2018-06-07 21:35:08', b'1', 30.00, 0.00, 3.60, 33.60, 33, 25),
	(99, 'Grupo Cacaotero Naranjito', '2018-06-07 21:38:28', b'1', 4800.00, 0.00, 576.00, 55.00, 33, 19),
	(100, 'Grupo Cacaotero Naranjito', '2018-09-27 20:01:15', b'1', 5535.00, 0.00, 664.20, 6199.20, 33, 19),
	(101, 'Grupo Cacaotero Naranjito', '2018-09-27 20:03:30', b'1', 3455.20, 0.00, 414.62, 3869.82, 33, 19),
	(102, 'Grupo Cacaotero Naranjito', '2018-10-01 10:13:55', b'1', 307.50, 0.00, 36.90, 344.40, 33, 19),
	(103, 'Grupo Cacaotero Naranjito', '2018-10-11 09:46:56', b'1', 6000.00, 0.00, 720.00, 6720.00, 33, 19),
	(104, 'Grupo Cacaotero Naranjito', '2018-10-11 10:01:46', b'1', 3000.00, 0.00, 360.00, 3360.00, 33, 19),
	(105, 'Grupo Cacaotero Naranjito', '2018-10-11 10:03:16', b'1', 8000.00, 0.00, 960.00, 8960.00, 33, 19),
	(106, 'Grupo Cacaotero Vera', '2018-10-11 10:12:03', b'1', 4000.00, 0.00, 480.00, 4480.00, 33, 20),
	(107, 'Grupo Cacaotero Yaguachi', '2018-10-11 10:14:34', b'1', 6000.00, 0.00, 720.00, 6720.00, 33, 23),
	(108, 'Grupo Cacaotero El Deseo', '2018-10-11 10:16:20', b'1', 1000.00, 0.00, 120.00, 1120.00, 33, 25),
	(109, 'Grupo Cacaotero Naranjito', '2018-10-11 10:16:57', b'1', 500.00, 0.00, 60.00, 560.00, 33, 19),
	(110, 'Grupo Cacaotero Vera', '2018-10-11 10:18:53', b'1', 400.00, 0.00, 48.00, 448.00, 33, 20),
	(111, 'Grupo Cacaotero Bucay', '2018-10-11 10:19:31', b'1', 600.00, 0.00, 72.00, 672.00, 33, 22),
	(112, 'Grupo Cacaotero Bucay', '2018-10-11 10:20:17', b'1', 250.00, 0.00, 30.00, 280.00, 33, 22),
	(113, 'Grupo Cacaotero Bucay', '2018-10-11 10:21:42', b'1', 1234.00, 0.00, 148.08, 1382.08, 33, 22),
	(114, 'Grupo Cacaotero El Deseo', '2018-10-17 22:50:41', b'1', 2000.00, 0.00, 240.00, 2240.00, 37, 25),
	(115, 'Grupo Cacaotero Vera', '2018-10-18 14:31:22', b'1', 4000.00, 0.00, 480.00, 4480.00, 40, 20),
	(116, 'Grupo Cacaotero Naranjito', '2018-10-29 23:25:15', b'1', 4500.00, 0.00, 540.00, 5040.00, 33, 19),
	(117, 'Grupo Cacaotero Naranjito', '2019-12-23 10:37:50', b'1', 250.00, 0.00, 30.00, 280.00, 35, 19),
	(118, 'Grupo Arrocero Naranjito', '2022-11-21 23:31:58', b'1', 72.00, 0.00, 8.64, 80.64, 33, 19),
	(119, 'Grupo Agrocultor Vera', '2022-11-21 23:32:33', b'1', 36.00, 0.00, 4.32, 40.32, 33, 20),
	(120, 'Grupo Arrocero Naranjito', '2022-11-22 05:02:22', b'1', 4.50, 0.00, 0.54, 5.04, 33, 19),
	(121, 'Grupo Arrocero Los Monos', '2022-11-22 05:56:30', b'1', 0.54, 0.00, 0.06, 0.60, 33, 24),
	(122, 'Grupo Arrocero Naranjito', '2022-11-22 15:14:44', b'1', 1.80, 0.00, 0.22, 2.02, 33, 19),
	(123, 'Grupo Arrocero Naranjito', '2022-11-22 15:15:27', b'1', 0.54, 0.00, 0.06, 0.60, 33, 19),
	(124, 'Agrocultores Bucay', '2022-11-23 01:36:09', b'1', 4.68, 0.00, 0.56, 5.24, 33, 22),
	(125, 'Grupo Arrocero Naranjito', '2022-11-23 02:14:45', b'1', 0.18, 0.00, 0.02, 0.20, 33, 19),
	(126, 'Grupo Arrocero Naranjito', '2022-11-23 02:25:03', b'1', 0.36, 0.00, 0.04, 0.40, 33, 19),
	(127, 'CARLOS MEDINA', '2022-11-23 07:23:01', b'1', 450.00, 0.00, 54.00, 504.00, 33, 28),
	(128, 'CARLOS MEDINA', '2022-11-23 07:33:58', b'1', 360.00, 0.00, 43.20, 403.20, 33, 28),
	(129, 'CARLOS MEDINA', '2022-11-23 07:35:13', b'1', 0.18, 0.00, 0.02, 0.20, 33, 28),
	(130, 'CARLOS MEDINA', '2022-11-23 07:36:07', b'1', 0.18, 0.00, 0.02, 0.20, 33, 28),
	(131, 'CARLOS MEDINA', '2022-11-23 15:01:37', b'1', 0.18, 0.00, 0.02, 0.20, 33, 28),
	(132, 'CARLOS MEDINA', '2022-11-25 05:25:17', b'1', 18.00, 0.00, 2.16, 20.16, 33, 28),
	(133, 'FERNANDO CASTILLO', '2022-11-25 05:29:16', b'1', 486.00, 0.00, 58.32, 544.32, 33, 29),
	(134, 'CARLOS MEDINA', '2022-11-26 20:02:40', b'1', 180.00, 0.00, 21.60, 201.60, 33, 28),
	(135, 'CARLOS MEDINA', '2022-11-26 20:06:22', b'1', 171.00, 0.00, 20.52, 191.52, 33, 28),
	(136, 'CARLOS MEDINA', '2023-03-27 16:25:28', b'1', 3.40, 0.00, 0.41, 3.81, 33, 28);

CREATE TABLE IF NOT EXISTS `compra_detalle` (
  `detId` int(10) NOT NULL AUTO_INCREMENT,
  `compId` int(10) NOT NULL,
  `articulo` varchar(50) DEFAULT NULL,
  `cantidad` decimal(9,2) DEFAULT NULL,
  `precio` decimal(9,2) DEFAULT NULL,
  `subtotalitem` decimal(9,2) DEFAULT NULL,
  `descuento` decimal(9,2) DEFAULT NULL,
  `descuentolibras` decimal(9,2) DEFAULT NULL,
  `totalitem` decimal(9,2) DEFAULT NULL,
  `estado` bit(1) DEFAULT b'1',
  `artId` int(10) NOT NULL,
  `observacion` varchar(120) DEFAULT NULL,
  PRIMARY KEY (`detId`),
  KEY `artId` (`artId`),
  KEY `compId` (`compId`),
  CONSTRAINT `compra_detalle_ibfk_1` FOREIGN KEY (`artId`) REFERENCES `articulo` (`artId`),
  CONSTRAINT `compra_detalle_ibfk_2` FOREIGN KEY (`compId`) REFERENCES `compra` (`compId`)
) ENGINE=InnoDB AUTO_INCREMENT=168 DEFAULT CHARSET=latin1 COLLATE=latin1_swedish_ci;

DELETE FROM `compra_detalle`;
INSERT INTO `compra_detalle` (`detId`, `compId`, `articulo`, `cantidad`, `precio`, `subtotalitem`, `descuento`, `descuentolibras`, `totalitem`, `estado`, `artId`, `observacion`) VALUES
	(1, 1, ' Cacao Viejo', 100.00, 3.00, NULL, NULL, NULL, 300.00, b'1', 40, NULL),
	(2, 2, ' Cacao Viejo', 100.00, 3.00, NULL, NULL, NULL, 300.00, b'1', 40, NULL),
	(3, 3, ' Cacao Viejo', 400.00, 3.00, NULL, NULL, NULL, 1200.00, b'1', 40, NULL),
	(4, 4, ' Cacao Viejo', 999.99, 3.00, NULL, NULL, NULL, 4500.00, b'1', 40, NULL),
	(5, 5, ' Cacao Viejo', 999.99, 3.00, NULL, NULL, NULL, 9000.00, b'1', 40, NULL),
	(6, 6, ' Cacao Viejo', 999.99, 3.00, NULL, NULL, NULL, 9000.00, b'1', 40, NULL),
	(7, 7, ' Cacao Viejo', 500.00, 3.00, NULL, NULL, NULL, 1500.00, b'1', 40, NULL),
	(8, 8, ' Cacao Viejo', 999.99, 3.00, NULL, NULL, NULL, 9000.00, b'1', 40, NULL),
	(9, 9, ' Cacao Viejo', 999.99, 3.00, NULL, NULL, NULL, 15000.00, b'1', 40, NULL),
	(10, 10, ' Cacao Viejo', 999.99, 3.00, NULL, NULL, NULL, 30000.00, b'1', 40, NULL),
	(11, 11, ' Cacao Viejo', 999.99, 3.00, NULL, NULL, NULL, 900000.00, b'1', 40, NULL),
	(12, 12, ' Cacao Viejo', 3000.00, 3.00, NULL, NULL, NULL, 9000.00, b'1', 40, NULL),
	(13, 13, ' Cacao Viejo', 1000.00, 3.00, NULL, NULL, NULL, 3000.00, b'1', 40, NULL),
	(14, 14, ' Cacao Viejo', 320.00, 3.00, NULL, NULL, NULL, 960.00, b'1', 40, NULL),
	(15, 14, ' Cacao Nuevo', 450.00, 3.00, NULL, NULL, NULL, 1350.00, b'1', 41, NULL),
	(16, 15, ' Cacao Viejo', 1000.00, 3.00, NULL, NULL, NULL, 3000.00, b'1', 40, NULL),
	(17, 15, ' Cacao Nuevo', 2000.00, 3.00, NULL, NULL, NULL, 6000.00, b'1', 41, NULL),
	(18, 15, ' Cacao Estandar', 546.00, 3.00, NULL, NULL, NULL, 1638.00, b'1', 42, NULL),
	(19, 15, ' Cacao Libiano', 4566.00, 3.00, NULL, NULL, NULL, 13698.00, b'1', 43, NULL),
	(20, 15, ' Cacao Ecuatoriano', 3600.00, 3.00, NULL, NULL, NULL, 10800.00, b'1', 44, NULL),
	(21, 16, ' Cacao Viejo', 500000.00, 3.00, NULL, NULL, NULL, 999999.99, b'1', 40, NULL),
	(22, 17, ' Cacao Nuevo', 5000.00, 3.00, NULL, NULL, NULL, 15000.00, b'1', 41, NULL),
	(23, 18, ' Cacao Nuevo', 10000.00, 3.00, NULL, NULL, NULL, 30000.00, b'1', 41, NULL),
	(24, 19, ' Cacao Estandar', 1200.00, 3.00, NULL, NULL, NULL, 3600.00, b'1', 42, NULL),
	(25, 20, ' Cacao Libiano', 1220.00, 3.00, NULL, NULL, NULL, 3660.00, b'1', 43, NULL),
	(26, 21, ' Cacao Estandar', 1.00, 3.00, NULL, NULL, NULL, 3.00, b'1', 42, NULL),
	(27, 22, ' Cacao Estandar', 9999999.99, 3.00, NULL, NULL, NULL, 9999999.99, b'1', 42, NULL),
	(28, 23, ' Cacao Nuevo', 440000.00, 3.00, NULL, NULL, NULL, 1320000.00, b'1', 41, NULL),
	(29, 24, ' Cacao Ecuatoriano', 1555.00, 3.00, NULL, NULL, NULL, 4665.00, b'1', 44, NULL),
	(30, 24, ' Cacao Libiano', 1554.00, 3.00, NULL, NULL, NULL, 4662.00, b'1', 43, NULL),
	(31, 25, ' Cacao Libiano', 1500.00, 3.00, NULL, NULL, NULL, 4500.00, b'1', 43, NULL),
	(32, 26, 'nnnnnnn', 5000.00, 1.00, NULL, NULL, NULL, 5000.00, b'1', 45, NULL),
	(33, 26, '     Cacao Libiano', 500.00, 3.00, NULL, NULL, NULL, 1500.00, b'1', 43, NULL),
	(34, 27, '        Cacao Nuevo', 5.00, 3.00, NULL, NULL, NULL, 15.00, b'1', 41, NULL),
	(35, 28, '     Cacao Libiano', 5.00, 3.00, NULL, NULL, NULL, 15.00, b'1', 43, NULL),
	(36, 29, '  Cacao Estandar', 10.00, 3.00, NULL, NULL, NULL, 30.00, b'1', 42, NULL),
	(37, 29, '     Cacao Viejo', 8.00, 3.00, NULL, NULL, NULL, 24.00, b'1', 40, NULL),
	(38, 29, 'nnnnnnn', 8.00, 1.00, NULL, NULL, NULL, 8.00, b'1', 45, NULL),
	(39, 30, 'nnnnnnn', 6.00, 1.00, NULL, NULL, NULL, 6.00, b'1', 45, NULL),
	(40, 30, '     Cacao Viejo', 6.00, 3.00, NULL, NULL, NULL, 18.00, b'1', 40, NULL),
	(41, 31, '     Cacao Viejo', 50.00, 3.00, NULL, NULL, NULL, 150.00, b'1', 40, NULL),
	(42, 31, '        Cacao Nuevo', 10.00, 3.00, NULL, NULL, NULL, 30.00, b'1', 41, NULL),
	(43, 31, '     Cacao Libiano', 2.00, 3.00, NULL, NULL, NULL, 6.00, b'1', 43, NULL),
	(44, 31, 'nnnnnnn', 4.00, 1.00, NULL, NULL, NULL, 4.00, b'1', 45, NULL),
	(45, 32, '     Cacao Viejo', 1.00, 3.00, NULL, NULL, NULL, 3.00, b'1', 40, NULL),
	(46, 33, '     Cacao Viejo', 50.00, 3.00, NULL, NULL, NULL, 150.00, b'1', 40, NULL),
	(47, 33, '        Cacao Nuevo', 2.00, 3.00, NULL, NULL, NULL, 6.00, b'1', 41, NULL),
	(48, 34, ' Cacao Ecuatoriano', 19.00, 3.00, NULL, NULL, NULL, 57.00, b'1', 44, NULL),
	(49, 35, ' Cacao Ecuatoriano', 18.00, 3.00, NULL, NULL, NULL, 54.00, b'1', 44, NULL),
	(50, 36, ' Cacao Ecuatoriano', 11.00, 3.00, NULL, NULL, NULL, 33.00, b'1', 44, NULL),
	(51, 37, ' Cacao Ecuatoriano', 10.00, 30.00, NULL, NULL, NULL, 300.00, b'1', 44, NULL),
	(52, 37, '        Cacao Nuevo', 8.00, 3.00, NULL, NULL, NULL, 24.00, b'1', 41, NULL),
	(53, 37, '     Cacao Libiano', 6.00, 3.00, NULL, NULL, NULL, 18.00, b'1', 43, NULL),
	(54, 38, '     Cacao Viejo', 50.00, 3.00, 150.00, 9.00, 3.00, 141.00, b'1', 40, '...casi verde y un de monilla'),
	(55, 38, '  Cacao Estandar', 50.00, 3.00, 150.00, 60.00, 20.00, 90.00, b'1', 42, '...muy dañado'),
	(56, 38, '        Cacao Nuevo', 40.00, 3.00, 120.00, 18.00, 6.00, 102.00, b'1', 41, '...monilla'),
	(57, 38, ' Cacao Ecuatoriano', 20.00, 30.00, 300.00, 300.00, 10.00, 0.00, b'1', 44, '...blanco'),
	(58, 38, 'nnnnnnn', 30.00, 1.00, 10.00, 3.00, 3.00, 7.00, b'1', 45, '...verdoso'),
	(59, 39, 'Cacao Nuevo', 50.00, 3.00, 150.00, 75.00, 25.00, 75.00, b'1', 41, '...viejo'),
	(60, 39, '     Cacao Libiano', 100.00, 3.00, 300.00, 30.00, 10.00, 270.00, b'1', 43, '...blanco'),
	(61, 39, 'nnnnnnn', 500.00, 1.00, 500.00, 100.00, 100.00, 400.00, b'1', 45, '...bien y un poco danado'),
	(62, 40, '  Cacao Estandar', 50.00, 3.00, 150.00, 15.00, 5.00, 135.00, b'1', 42, '...hhh'),
	(63, 41, '  Cacao Estandar', 100000.00, 3.00, 300000.00, 0.00, 0.00, 300000.00, b'1', 42, '...'),
	(64, 42, '  Cacao Estandar', 1000000.00, 3.00, 3000000.00, 300000.00, 100000.00, 2700000.00, b'1', 42, '...se encuentra deteriorado por los lados, algunos se encuentran malos'),
	(65, 43, '     Cacao Viejo', 100.00, 3.00, 300.00, 60.00, 20.00, 240.00, b'1', 40, '...blanco'),
	(66, 43, 'Cacao Nuevo', 50.00, 3.00, 150.00, 15.00, 5.00, 135.00, b'1', 41, '...monilla'),
	(67, 43, '  Cacao Estandar', 150.00, 3.00, 450.00, 225.00, 75.00, 225.00, b'1', 42, '...malo'),
	(68, 43, '     Cacao Libiano', 300.00, 3.00, 900.00, 135.00, 45.00, 765.00, b'1', 43, '...verde'),
	(69, 43, ' Cacao Ecuatoriano', 555.00, 30.00, 16650.00, 6660.00, 222.00, 9990.00, b'1', 44, '...muy verde'),
	(70, 43, 'nnnnnnn', 1000.00, 1.00, 1000.00, 320.00, 320.00, 680.00, b'1', 45, '...casi seco'),
	(71, 44, '  Cacao Estandar', 7.00, 3.00, 21.00, 0.00, 0.00, 21.00, b'1', 42, '...'),
	(72, 45, 'Cacao Estandar', 3.00, 3.00, 9.00, 0.00, 0.00, 9.00, b'1', 42, '...'),
	(73, 46, ' Cacao Ecuatoriano', 50000.00, 30.00, 1500000.00, 150000.00, 5000.00, 1350000.00, b'1', 44, '...Mal estado'),
	(74, 47, 'Cacao Libiano', 50.00, 3.00, 150.00, 75.00, 25.00, 75.00, b'1', 43, '...malodfg'),
	(75, 48, 'Cacao Libiano', 4.00, 3.00, 12.00, 0.00, 0.00, 12.00, b'1', 43, '...'),
	(76, 49, 'Cacao Libiano', 7.00, 3.00, 21.00, 0.00, 0.00, 21.00, b'1', 43, '...'),
	(77, 50, 'Cacao Libiano', 5.00, 3.00, 15.00, 0.00, 0.00, 15.00, b'1', 43, '...'),
	(78, 53, 'Cacao Viejo', 6.00, 3.00, 18.00, 0.00, 0.00, 18.00, b'1', 40, '...'),
	(79, 54, 'Cacao Libiano', 4.00, 3.00, 12.00, 0.00, 0.00, 12.00, b'1', 43, '...'),
	(80, 55, 'Cacao Estandar', 5.00, 3.00, 15.00, 0.00, 0.00, 15.00, b'1', 42, '...'),
	(81, 56, 'Cacao Libiano', 7.00, 3.00, 21.00, 0.00, 0.00, 21.00, b'1', 43, '...'),
	(82, 57, 'Cacao Libiano', 5.00, 3.00, 15.00, 0.00, 0.00, 15.00, b'1', 43, '...'),
	(83, 58, 'Cacao Estandar', 6.00, 3.00, 18.00, 0.00, 0.00, 18.00, b'1', 42, '...'),
	(84, 59, 'Cacao Estandar', 4.00, 3.00, 12.00, 1.20, 0.40, 10.80, b'1', 42, '...'),
	(85, 60, 'Cacao Libiano', 5.00, 3.00, 15.00, 0.00, 0.00, 15.00, b'1', 43, '...'),
	(86, 61, 'Cacao Estandar', 3.00, 3.00, 9.00, 0.00, 0.00, 9.00, b'1', 42, '...'),
	(87, 62, 'Cacao Nuevo', 5.00, 3.00, 15.00, 0.00, 0.00, 15.00, b'1', 41, '...'),
	(88, 63, 'Cacao Estandar', 7.00, 3.00, 21.00, 0.00, 0.00, 21.00, b'1', 42, '...'),
	(89, 64, 'Cacao Nuevo', 5.00, 3.00, 15.00, 0.00, 0.00, 15.00, b'1', 41, '...'),
	(90, 65, 'Cacao Nuevo', 5.00, 3.00, 15.00, 0.00, 0.00, 15.00, b'1', 41, '...'),
	(91, 66, 'Cacao Estandar', 5.00, 3.00, 15.00, 0.00, 0.00, 15.00, b'1', 42, '...'),
	(92, 67, 'Cacao Estandar', 5.00, 3.00, 15.00, 0.00, 0.00, 15.00, b'1', 42, '...'),
	(93, 68, 'Cacao Libiano', 5.00, 3.00, 15.00, 1.50, 0.50, 13.50, b'1', 43, '...'),
	(94, 69, 'Cacao Libiano', 19.00, 3.00, 57.00, 11.40, 3.80, 45.60, b'1', 43, '...'),
	(95, 70, 'Cacao Viejo', 10.00, 3.00, 30.00, 3.00, 1.00, 27.00, b'1', 40, '...'),
	(96, 71, 'Cacao Viejo', 10.00, 3.00, 30.00, 0.00, 0.00, 30.00, b'1', 40, '...'),
	(97, 72, 'Cacao Libiano', 11.00, 3.00, 33.00, 3.30, 1.10, 29.70, b'1', 43, '...'),
	(98, 73, 'Cacao Nuevo', 2.00, 3.00, 6.00, 0.60, 0.20, 5.40, b'1', 41, '...'),
	(99, 74, 'Cacao Libiano', 100.00, 2.00, 200.00, 50.00, 25.00, 150.00, b'1', 43, '...'),
	(100, 75, ' Cacao Ecuatoriano', 100.00, 30.00, 3000.00, 0.00, 0.00, 3000.00, b'1', 44, '...'),
	(101, 76, 'Cacao Libiano', 5.00, 3.00, 15.00, 1.50, 0.50, 13.50, b'1', 43, '...'),
	(102, 77, 'Cacao Nuevo', 1.00, 3.00, 3.00, 0.00, 0.00, 3.00, b'1', 41, '...'),
	(103, 78, 'Cacao Nuevo', 1.00, 3.00, 3.00, 0.00, 0.00, 3.00, b'1', 41, '...'),
	(104, 79, 'Cacao Nuevo', 1.00, 3.00, 3.00, 0.00, 0.00, 3.00, b'1', 41, '...'),
	(105, 80, 'Cacao Nuevo', 1.00, 3.00, 3.00, 0.00, 0.00, 3.00, b'1', 41, '...'),
	(106, 81, 'Cacao Nuevo', 1.00, 3.00, 3.00, 0.00, 0.00, 3.00, b'1', 41, '...'),
	(107, 82, 'Cacao Nuevo', 1.00, 3.00, 3.00, 0.00, 0.00, 3.00, b'1', 41, '...'),
	(108, 83, 'Cacao Nuevo', 1.00, 3.00, 3.00, 0.00, 0.00, 3.00, b'1', 41, '...'),
	(109, 84, 'Cacao Nuevo', 1.00, 3.00, 3.00, 0.00, 0.00, 3.00, b'1', 41, '...'),
	(110, 85, 'Cacao Nuevo', 1.00, 3.00, 3.00, 0.00, 0.00, 3.00, b'1', 41, '...'),
	(111, 86, 'Cacao Nuevo', 1.00, 3.00, 3.00, 0.00, 0.00, 3.00, b'1', 41, '...'),
	(112, 87, 'Cacao Nuevo', 1.00, 3.00, 3.00, 0.00, 0.00, 3.00, b'1', 41, '...'),
	(113, 88, 'Cacao Nuevo', 1.00, 3.00, 3.00, 0.00, 0.00, 3.00, b'1', 41, '...'),
	(114, 89, 'Cacao Viejo', 100.00, 3.00, 300.00, 0.00, 0.00, 300.00, b'1', 40, '...'),
	(115, 90, 'Cacao Nuevo', 12.00, 3.00, 36.00, 3.60, 1.20, 32.40, b'1', 41, '...'),
	(116, 91, 'Cacao Nuevo', 10.00, 2.80, 28.00, 2.80, 1.00, 25.20, b'1', 41, '...'),
	(117, 92, 'Cacao Nuevo', 50.00, 2.80, 140.00, 0.00, 0.00, 140.00, b'1', 41, '...'),
	(118, 93, 'Cacao Nuevo', 56.00, 2.80, 156.80, 0.00, 0.00, 156.80, b'1', 41, '...'),
	(119, 94, 'Cacao Nuevo', 20.00, 2.80, 56.00, 0.00, 0.00, 56.00, b'1', 41, '...'),
	(120, 95, 'Cacao Libiano', 26.00, 2.80, 72.80, 2.18, 0.78, 70.62, b'1', 43, '...'),
	(121, 96, 'Cacao Viejo', 6.00, 2.50, 15.00, 1.50, 0.60, 13.50, b'1', 40, '...'),
	(122, 97, 'Cacao Nuevo', 123.00, 2.80, 344.40, 0.00, 0.00, 344.40, b'1', 41, '...'),
	(123, 98, 'Cacao Viejo', 12.00, 2.50, 30.00, 0.00, 0.00, 30.00, b'1', 40, '...'),
	(124, 99, 'Cacao fourtino', 2000.00, 2.40, 4800.00, 0.00, 0.00, 4800.00, b'1', 45, '...'),
	(125, 100, 'hyh', 123.00, 45.00, 5535.00, 0.00, 0.00, 5535.00, b'1', 46, '...'),
	(126, 101, 'Cacao Libiano', 1234.00, 2.80, 3455.20, 0.00, 0.00, 3455.20, b'1', 43, '...'),
	(127, 102, 'Cacao Estandar', 123.00, 2.50, 307.50, 0.00, 0.00, 307.50, b'1', 42, '...'),
	(128, 103, 'cacao Nuevo ', 3000.00, 2.00, 6000.00, 0.00, 0.00, 6000.00, b'1', 47, '...'),
	(129, 104, 'Cacao Viejo ', 3000.00, 1.00, 3000.00, 0.00, 0.00, 3000.00, b'1', 48, '...'),
	(130, 105, 'cacao Nuevo ', 4000.00, 2.00, 8000.00, 0.00, 0.00, 8000.00, b'1', 47, '...'),
	(131, 106, 'Cacao Viejo ', 4000.00, 1.00, 4000.00, 0.00, 0.00, 4000.00, b'1', 48, '...'),
	(132, 107, 'cacao Nuevo ', 3000.00, 2.00, 6000.00, 0.00, 0.00, 6000.00, b'1', 47, '...'),
	(133, 108, 'Cacao Viejo ', 1000.00, 1.00, 1000.00, 0.00, 0.00, 1000.00, b'1', 48, '...'),
	(134, 109, 'Cacao Viejo ', 500.00, 1.00, 500.00, 0.00, 0.00, 500.00, b'1', 48, '...'),
	(135, 110, 'cacao Nuevo ', 200.00, 2.00, 400.00, 0.00, 0.00, 400.00, b'1', 47, 'no hayb'),
	(136, 111, 'cacao Nuevo ', 300.00, 2.00, 600.00, 0.00, 0.00, 600.00, b'1', 47, '...'),
	(137, 112, 'Cacao Viejo ', 250.00, 1.00, 250.00, 0.00, 0.00, 250.00, b'1', 48, '...'),
	(138, 113, 'Cacao Viejo ', 1234.00, 1.00, 1234.00, 0.00, 0.00, 1234.00, b'1', 48, '...'),
	(139, 114, 'cacao Nuevo ', 1000.00, 2.00, 2000.00, 0.00, 0.00, 2000.00, b'1', 47, '...'),
	(140, 115, 'cacao Nuevo ', 2000.00, 2.00, 4000.00, 0.00, 0.00, 4000.00, b'1', 47, '...'),
	(141, 116, 'cacao Nuevo ', 2250.00, 2.00, 4500.00, 0.00, 0.00, 4500.00, b'1', 47, '...'),
	(142, 117, 'Cacao Estandar', 100.00, 2.50, 250.00, 0.00, 0.00, 250.00, b'1', 42, '...'),
	(143, 118, 'ARROZ GRANO LARGOo', 300.00, 0.18, 54.00, 0.00, 0.00, 54.00, b'1', 47, '...'),
	(144, 118, 'ARROZ INTEGRAL', 100.00, 0.18, 18.00, 0.00, 0.00, 18.00, b'1', 46, '...'),
	(145, 119, 'ARROZ GRANO LARGOo', 100.00, 0.18, 18.00, 0.00, 0.00, 18.00, b'1', 47, '...'),
	(146, 119, 'ARROZ INTEGRAL', 100.00, 0.18, 18.00, 0.00, 0.00, 18.00, b'1', 46, '...'),
	(147, 120, 'ARROZ INTEGRAL', 25.00, 0.18, 4.50, 0.00, 0.00, 4.50, b'1', 46, '...'),
	(148, 121, 'ARROZ GRANULADO', 3.00, 0.18, 0.54, 0.00, 0.00, 0.54, b'1', 45, '...'),
	(149, 122, 'ARROZ INTEGRAL', 10.00, 0.18, 1.80, 0.00, 0.00, 1.80, b'1', 46, '...'),
	(150, 123, 'ARROZ GRANO LARGO', 3.00, 0.18, 0.54, 0.00, 0.00, 0.54, b'1', 42, '...'),
	(151, 124, 'ARROZ GRANULADO', 26.00, 0.18, 4.68, 0.00, 0.00, 4.68, b'1', 44, '...'),
	(152, 125, 'ARROZ INTEGRAL', 1.00, 0.18, 0.18, 0.00, 0.00, 0.18, b'1', 46, '...'),
	(153, 126, 'ARROZ GRANO LARGO', 2.00, 0.18, 0.36, 0.00, 0.00, 0.36, b'1', 47, '...'),
	(154, 127, 'ARROZ GRANO LARGO', 2000.00, 0.18, 360.00, 0.00, 0.00, 360.00, b'1', 47, '...'),
	(155, 127, 'ARROZ GRANULADO', 500.00, 0.18, 90.00, 0.00, 0.00, 90.00, b'1', 45, '...'),
	(156, 128, 'ARROZ INTEGRAL', 1000.00, 0.36, 360.00, 0.00, 0.00, 360.00, b'1', 46, '...'),
	(157, 129, 'ARROZ GRANO LARGO', 1.00, 0.18, 0.18, 0.00, 0.00, 0.18, b'1', 47, '...'),
	(158, 130, 'ARROZ GRANO LARGO', 1.00, 0.18, 0.18, 0.00, 0.00, 0.18, b'1', 47, '...'),
	(159, 131, 'ARROZ GRANO LARGO', 1.00, 0.18, 0.18, 0.00, 0.00, 0.18, b'1', 47, '...'),
	(160, 132, 'ARROZ GRANO LARGO', 100.00, 0.18, 18.00, 0.00, 0.00, 18.00, b'1', 47, '...'),
	(161, 133, 'ARROZ GRANO CORTO', 600.00, 0.21, 126.00, 0.00, 0.00, 126.00, b'1', 45, '...'),
	(162, 133, 'ARROZ GRANO MEDIO', 1000.00, 0.36, 360.00, 0.00, 0.00, 360.00, b'1', 46, '...'),
	(163, 134, 'ARROZ GRANO LARGO', 1000.00, 0.18, 180.00, 0.00, 0.00, 180.00, b'1', 47, '...'),
	(164, 135, 'ARROZ GRANO LARGO', 200.00, 0.18, 36.00, 0.00, 0.00, 36.00, b'1', 47, '...'),
	(165, 135, 'ARROZ GRANO MEDIO', 200.00, 0.36, 72.00, 0.00, 0.00, 72.00, b'1', 46, '...'),
	(166, 135, 'ARROZ GRANO CORTO', 300.00, 0.21, 63.00, 0.00, 0.00, 63.00, b'1', 45, '...'),
	(167, 136, 'LLAVE 10', 20.00, 0.17, 3.40, 0.00, 0.00, 3.40, b'1', 50, '...');

CREATE TABLE IF NOT EXISTS `menu` (
  `menId` int(11) NOT NULL AUTO_INCREMENT,
  `nombre` varchar(50) DEFAULT NULL,
  `descripcion` varchar(100) DEFAULT NULL,
  `url` varchar(200) DEFAULT NULL,
  `orden` int(11) DEFAULT NULL,
  `fecharegistro` datetime DEFAULT NULL,
  `estado` bit(1) DEFAULT NULL,
  `modId` int(11) NOT NULL,
  PRIMARY KEY (`menId`),
  KEY `Ref1717` (`modId`),
  CONSTRAINT `Refmodulo172` FOREIGN KEY (`modId`) REFERENCES `modulo` (`modId`)
) ENGINE=InnoDB DEFAULT CHARSET=latin1 COLLATE=latin1_swedish_ci;

DELETE FROM `menu`;

CREATE TABLE IF NOT EXISTS `modulo` (
  `modId` int(11) NOT NULL AUTO_INCREMENT,
  `nombre` varchar(50) DEFAULT NULL,
  `descripcion` varchar(100) DEFAULT NULL,
  `orden` int(11) DEFAULT NULL,
  `estado` bit(1) DEFAULT NULL,
  PRIMARY KEY (`modId`)
) ENGINE=InnoDB DEFAULT CHARSET=latin1 COLLATE=latin1_swedish_ci;

DELETE FROM `modulo`;

CREATE TABLE IF NOT EXISTS `orden_pedido` (
  `ordId` int(11) NOT NULL AUTO_INCREMENT,
  `numero` varchar(10) DEFAULT NULL,
  `fecha` datetime DEFAULT NULL,
  `tipo` varchar(6) DEFAULT NULL,
  `cliente` varchar(80) DEFAULT NULL,
  `subtotal` decimal(8,2) DEFAULT NULL,
  `descuento` decimal(8,2) DEFAULT NULL,
  `impuesto` decimal(8,2) DEFAULT NULL,
  `total` decimal(8,2) DEFAULT NULL,
  `estado` int(1) DEFAULT NULL,
  `cliId` int(11) NOT NULL,
  PRIMARY KEY (`ordId`),
  KEY `Ref312` (`cliId`),
  CONSTRAINT `Refcliente122` FOREIGN KEY (`cliId`) REFERENCES `cliente` (`cliId`)
) ENGINE=InnoDB DEFAULT CHARSET=latin1 COLLATE=latin1_swedish_ci;

DELETE FROM `orden_pedido`;

CREATE TABLE IF NOT EXISTS `orden_pedido_detalle` (
  `detId` int(11) NOT NULL AUTO_INCREMENT,
  `ordId` int(11) NOT NULL,
  `articulo` varchar(50) DEFAULT NULL,
  `cantidad` decimal(8,2) DEFAULT NULL,
  `precio` decimal(8,2) DEFAULT NULL,
  `totalitem` decimal(8,2) DEFAULT NULL,
  `estado` int(1) DEFAULT NULL,
  `artId` int(11) NOT NULL,
  PRIMARY KEY (`detId`,`ordId`),
  KEY `Ref115` (`artId`),
  KEY `Ref516` (`ordId`),
  CONSTRAINT `Refarticulo152` FOREIGN KEY (`artId`) REFERENCES `articulo` (`artId`),
  CONSTRAINT `Reforden_pedido162` FOREIGN KEY (`ordId`) REFERENCES `orden_pedido` (`ordId`)
) ENGINE=InnoDB DEFAULT CHARSET=latin1 COLLATE=latin1_swedish_ci;

DELETE FROM `orden_pedido_detalle`;

CREATE TABLE IF NOT EXISTS `personal` (
  `perId` int(11) NOT NULL AUTO_INCREMENT,
  `codigo` varchar(10) DEFAULT NULL,
  `img` varchar(500) DEFAULT NULL,
  `cedula` char(13) DEFAULT NULL,
  `nombre` varchar(35) DEFAULT NULL,
  `apellido` varchar(35) DEFAULT NULL,
  `genero` char(1) DEFAULT NULL,
  `telefono` varchar(20) DEFAULT NULL,
  `email` varchar(80) DEFAULT NULL,
  `direccion` varchar(80) DEFAULT NULL,
  `fecharegistro` datetime DEFAULT NULL,
  `estado` int(1) DEFAULT NULL,
  `ctgId` int(11) NOT NULL,
  `ciuId` int(11) NOT NULL,
  `prvId` int(11) DEFAULT NULL,
  PRIMARY KEY (`perId`),
  KEY `Ref1510` (`ctgId`),
  KEY `Ref1311` (`prvId`,`ciuId`),
  KEY `Refciudad112` (`ciuId`,`prvId`),
  CONSTRAINT `Refcategoria_personal102` FOREIGN KEY (`ctgId`) REFERENCES `categoria_personal` (`ctgId`),
  CONSTRAINT `Refciudad112` FOREIGN KEY (`ciuId`, `prvId`) REFERENCES `ciudad` (`ciuId`, `prvId`)
) ENGINE=InnoDB AUTO_INCREMENT=84 DEFAULT CHARSET=latin1 COLLATE=latin1_swedish_ci;

DELETE FROM `personal`;
INSERT INTO `personal` (`perId`, `codigo`, `img`, `cedula`, `nombre`, `apellido`, `genero`, `telefono`, `email`, `direccion`, `fecharegistro`, `estado`, `ctgId`, `ciuId`, `prvId`) VALUES
	(81, '0', '../../static/img/personal/ATITO.jpg', '0111111111', 'Contratado', 'Empleado', 'm', '0111111111', 'jeancarlos-1996@hotmail.com', 'Milagrokkkkkk', '2017-04-08 06:01:42', 1, 28, 31, 820),
	(83, '0', '../../static/img/personal/ATITO.jpg', '0111111111', 'Estable', 'Estable', 'm', '0111111111', 'jeancarlos-1996@hotmail.com', 'Milagrokkkkkk', '2017-04-08 06:01:42', 1, 28, 31, 820);

CREATE TABLE IF NOT EXISTS `proveedor` (
  `proId` int(11) NOT NULL AUTO_INCREMENT,
  `codigo` varchar(10) DEFAULT NULL,
  `ruc` varchar(13) DEFAULT NULL,
  `nombre` varchar(35) NOT NULL,
  `descripcion` varchar(100) DEFAULT NULL,
  `telefono` varchar(20) DEFAULT NULL,
  `email` varchar(80) DEFAULT NULL,
  `direccion` varchar(100) DEFAULT NULL,
  `fecharegistro` datetime DEFAULT NULL,
  `estado` int(1) DEFAULT NULL,
  `pcoId` int(11) NOT NULL,
  PRIMARY KEY (`proId`),
  KEY `Ref111` (`pcoId`),
  CONSTRAINT `Refproveedor_contacto12` FOREIGN KEY (`pcoId`) REFERENCES `proveedor_contacto` (`pcoId`)
) ENGINE=InnoDB AUTO_INCREMENT=31 DEFAULT CHARSET=latin1 COLLATE=latin1_swedish_ci;

DELETE FROM `proveedor`;
INSERT INTO `proveedor` (`proId`, `codigo`, `ruc`, `nombre`, `descripcion`, `telefono`, `email`, `direccion`, `fecharegistro`, `estado`, `pcoId`) VALUES
	(19, '001', '0942121374001', 'BODEGA 1', 'BODEGA 1', '0981260908', 'corpmerino@gmail.com', 'Milagro-Callegon2', '2017-02-28 19:53:07', 0, 17),
	(20, '002', '0942127375001', 'BODEGA 2', 'BODEGA 2', '0981771244', 'corpvera@gmail.com', 'Milagro-Callegon3', '2017-02-28 19:55:01', 0, 18),
	(22, '003', '0942127376001', 'BODEGA 3', 'BODEGA 3', '0981200000', 'Corp.Jefferson@gmail.com', 'Lorenzo Garaycoa', '2017-03-14 00:14:30', 0, 19),
	(23, '004', '0942127379001', 'BODEGA 4', 'BODEGA 4', '0989391939', 'Corp.Janina@gmail.com', 'Milagro', '2017-03-14 00:15:46', 0, 21),
	(24, '005', '0942127327001', 'BODEGA 5', 'BODEGA 5', '0992368207', 'NestorMerino@gmail.com', 'Milagro', '2017-03-14 00:16:33', 0, 22),
	(25, '006', '0942127378001', 'BODEGA 6', 'BODEGA 6', '0981260908', 'Corp.Jhonatan@gmail.com', 'Milagro', '2017-03-14 00:17:05', 0, 20),
	(26, '006', '0928791730001', 'BODEGA 7', 'BODEGA 7', '0967209028', 'bryancarrascovasquez@gmail.com', 'El Triunfo', '2018-05-14 17:01:50', 0, 20),
	(27, '006', '0928791730001', 'BODEGA 8', 'BODEGA 8', '0967209028', 'bryancarrascovasquez@gmail.com', 'El Triunfo', '2018-05-14 17:04:22', 0, 20),
	(28, '0941245678', '0941245678', 'CARLOS MEDINA', 'SN ', '0912456982', 'EXAMPLE@GMAIL.COM', 'PALESTINA', '2022-11-23 07:18:38', 1, 17),
	(29, '0934509876', '0934509876', 'FERNANDO CASTILLO', 'SN', '0990965756', 'EXAMPLE@GMAIL.COM', 'PALESTINA', '2022-11-25 05:26:48', 1, 17),
	(30, '0989098765', '0989098765', 'CHRISTIAN CORDOVA', 'SN', '0986756445', 'EXAMPLE@GMAIL.COM', 'PALESTINA', '2022-11-26 20:09:53', 1, 17);

CREATE TABLE IF NOT EXISTS `proveedor_contacto` (
  `pcoId` int(11) NOT NULL AUTO_INCREMENT,
  `nombre` char(100) DEFAULT NULL,
  `principal` bit(1) DEFAULT NULL,
  `telefono` varchar(20) DEFAULT NULL,
  `email` varchar(80) DEFAULT NULL,
  `direccion` varchar(80) DEFAULT NULL,
  `estado` int(1) DEFAULT NULL,
  PRIMARY KEY (`pcoId`)
) ENGINE=InnoDB AUTO_INCREMENT=27 DEFAULT CHARSET=latin1 COLLATE=latin1_swedish_ci;

DELETE FROM `proveedor_contacto`;
INSERT INTO `proveedor_contacto` (`pcoId`, `nombre`, `principal`, `telefono`, `email`, `direccion`, `estado`) VALUES
	(17, 'PRODUCCION', b'1', '0992368207', 'merino@gmail.com', ' AV. COLON Y CHILE', 1),
	(18, 'Raul Vera', b'1', '0981260908', 'vera@gmail.com', '     Milagro', 0),
	(19, 'Jefferson Garcia', b'1', '0989391937', 'Jefferson@gmail.com', '    MarcelinoMaridueña', 0),
	(20, 'Jonathan Carrasco', b'1', '0981269908', 'Jhonatan@gmail.com', '   Milagro', 0),
	(21, 'Janina Mendoza', b'1', '0989391939', 'Janina@gmail.com', '   Milagro', 0),
	(22, 'Nestor Espinoza', b'1', '0942127374', 'Nestor@gmail.com', '    Milagro', 0),
	(23, 'Enrique Meza', b'1', '0991549670', 'enriuqeqwe@hotmail.com', '   Av. Quito', 0),
	(24, 'Jhon cantos', b'0', '0998452151', 'juanmanuel.123@gmail.com', ' calle siempre viva 1414', 0),
	(25, 'Roberto Cabezas', b'1', '0994557482', 'fjdjdid@fjdjd', ' 12', 0),
	(26, 'Juan Manuel', b'0', '0979593314', 'andresroman_18@hotmail.com', ' naranjito', 0);

CREATE TABLE IF NOT EXISTS `provincia` (
  `prvId` int(11) NOT NULL AUTO_INCREMENT,
  `nombre` varchar(35) DEFAULT NULL,
  `estado` int(1) DEFAULT NULL,
  PRIMARY KEY (`prvId`)
) ENGINE=InnoDB AUTO_INCREMENT=843 DEFAULT CHARSET=latin1 COLLATE=latin1_swedish_ci;

DELETE FROM `provincia`;
INSERT INTO `provincia` (`prvId`, `nombre`, `estado`) VALUES
	(820, 'Azuay', 1),
	(821, 'Bolivar', 1),
	(822, 'Cañar', 1),
	(823, 'Chimborazo', 1),
	(824, 'Cotopaxi', 1),
	(825, 'El Oro', 1),
	(826, 'Esmeraldas', 1),
	(827, 'Galapagos', 1),
	(828, 'Guayas', 1),
	(829, 'Carchi', 1),
	(830, 'Imbabura', 1),
	(831, 'Loja', 1),
	(832, 'Los Rios', 1),
	(833, 'Manabí', 1),
	(834, 'Morona Santiago', 1),
	(835, 'Napo', 1),
	(836, 'Orellana', 1),
	(837, 'Paztaza', 1),
	(838, 'Pichincha', 1),
	(839, 'Santa Elena', 1),
	(840, 'Santo Domingo', 1),
	(841, 'Sucumbíos', 1),
	(842, 'Zamora Chinchipe', 1);

CREATE TABLE IF NOT EXISTS `tipo_usuario` (
  `tpuId` int(11) NOT NULL AUTO_INCREMENT,
  `nombre` varchar(35) DEFAULT NULL,
  `fecharegistro` datetime DEFAULT NULL,
  `estado` int(1) DEFAULT NULL,
  PRIMARY KEY (`tpuId`)
) ENGINE=InnoDB AUTO_INCREMENT=99 DEFAULT CHARSET=latin1 COLLATE=latin1_swedish_ci;

DELETE FROM `tipo_usuario`;
INSERT INTO `tipo_usuario` (`tpuId`, `nombre`, `fecharegistro`, `estado`) VALUES
	(96, 'Administrador', '2017-02-28 00:00:00', 1),
	(98, 'Cajero', '2018-08-02 00:00:00', 1);

CREATE TABLE IF NOT EXISTS `tipo_usuario_menu` (
  `tumId` int(11) NOT NULL AUTO_INCREMENT,
  `tpuId` int(11) NOT NULL,
  `menId` int(11) NOT NULL,
  `ingresar` bit(1) DEFAULT NULL,
  `crear` bit(1) DEFAULT NULL,
  `editar` bit(1) DEFAULT NULL,
  `eliminar` bit(1) DEFAULT NULL,
  `fecharegistro` datetime DEFAULT NULL,
  `estado` int(1) DEFAULT NULL,
  PRIMARY KEY (`tumId`),
  KEY `Ref719` (`tpuId`),
  KEY `Ref1920` (`menId`),
  CONSTRAINT `Refmenu202` FOREIGN KEY (`menId`) REFERENCES `menu` (`menId`),
  CONSTRAINT `Reftipo_usuario192` FOREIGN KEY (`tpuId`) REFERENCES `tipo_usuario` (`tpuId`)
) ENGINE=InnoDB DEFAULT CHARSET=latin1 COLLATE=latin1_swedish_ci;

DELETE FROM `tipo_usuario_menu`;

CREATE TABLE IF NOT EXISTS `usuario` (
  `usuId` int(11) NOT NULL AUTO_INCREMENT,
  `nombre` varchar(50) NOT NULL,
  `clave` varchar(100) DEFAULT NULL,
  `ultimoingreso` datetime DEFAULT NULL,
  `fecharegistro` datetime DEFAULT NULL,
  `estado` char(1) DEFAULT NULL,
  `tpuId` int(11) NOT NULL,
  `perId` int(11) NOT NULL,
  PRIMARY KEY (`usuId`),
  KEY `Ref75` (`tpuId`),
  KEY `Ref46` (`perId`),
  CONSTRAINT `Refpersonal62` FOREIGN KEY (`perId`) REFERENCES `personal` (`perId`),
  CONSTRAINT `Reftipo_usuario52` FOREIGN KEY (`tpuId`) REFERENCES `tipo_usuario` (`tpuId`)
) ENGINE=InnoDB AUTO_INCREMENT=43 DEFAULT CHARSET=latin1 COLLATE=latin1_swedish_ci;

DELETE FROM `usuario`;
INSERT INTO `usuario` (`usuId`, `nombre`, `clave`, `ultimoingreso`, `fecharegistro`, `estado`, `tpuId`, `perId`) VALUES
	(33, 'admin', '12345', '2023-01-25 04:58:56', '2023-01-25 04:58:56', '1', 96, 81),
	(34, 'damaris', '12345', '2023-01-25 04:58:56', '2023-01-25 04:58:56', '1', 98, 81),
	(35, 'Jomi', '12345', '2018-08-02 15:46:50', '2018-05-14 16:46:46', '0', 98, 81),
	(36, 'Andres Roman', 'andres', '2018-08-02 15:47:18', '2018-06-24 20:28:15', '0', 98, 83),
	(37, 'Jonathan ', '12345', '2018-08-02 15:47:09', '2018-07-30 20:11:48', '0', 98, 81),
	(38, 'Jazmin ', '12345', '2018-08-02 15:47:29', '2018-07-30 20:38:52', '0', 98, 83),
	(39, 'Andres Roman', 'andres', '2018-10-17 22:46:58', '2018-10-17 22:46:58', '0', 98, 83),
	(40, 'Ingeniero Simon', '12345', '2018-10-18 14:19:25', '2018-10-18 14:19:25', '0', 98, 83),
	(41, 'karen veliz', '12345', '2022-09-26 23:14:22', '2022-09-26 23:14:22', '0', 98, 81),
	(42, 'ismael', '12345', '2023-01-25 04:58:56', '2023-01-25 04:58:56', '1', 98, 83);

CREATE TABLE IF NOT EXISTS `venta` (
  `venId` int(11) NOT NULL AUTO_INCREMENT,
  `numero` varchar(10) DEFAULT NULL,
  `num_orden` varchar(10) DEFAULT NULL,
  `cliente` varchar(50) DEFAULT NULL,
  `fecha` datetime DEFAULT NULL,
  `tipo` varchar(10) DEFAULT NULL,
  `contado` bit(1) DEFAULT NULL,
  `entregado` char(1) DEFAULT NULL,
  `subtotal` decimal(9,2) DEFAULT NULL,
  `descuento` decimal(9,2) DEFAULT NULL,
  `impuesto` decimal(9,2) DEFAULT NULL,
  `total` decimal(9,2) DEFAULT NULL,
  `usuId` int(11) DEFAULT NULL,
  `vendedor` int(11) DEFAULT NULL,
  `cliId` int(11) DEFAULT NULL,
  PRIMARY KEY (`venId`),
  KEY `Ref321` (`cliId`),
  CONSTRAINT `Refcliente212` FOREIGN KEY (`cliId`) REFERENCES `cliente` (`cliId`)
) ENGINE=InnoDB AUTO_INCREMENT=87 DEFAULT CHARSET=latin1 COLLATE=latin1_swedish_ci;

DELETE FROM `venta`;
INSERT INTO `venta` (`venId`, `numero`, `num_orden`, `cliente`, `fecha`, `tipo`, `contado`, `entregado`, `subtotal`, `descuento`, `impuesto`, `total`, `usuId`, `vendedor`, `cliId`) VALUES
	(1, '0', '', 'Jhonatan', '2017-04-08 17:06:45', '', b'1', 's', 25957.00, 0.00, 3633.98, 29590.98, 33, 0, 92),
	(2, '0', '', 'Jefferson', '2017-04-08 17:08:36', '', b'1', 's', 31520.00, 0.00, 4412.80, 35932.80, 33, 0, 91),
	(3, '0', '', 'Nestor', '2017-04-08 17:09:07', '', b'1', 's', 16.00, 0.00, 2.24, 18.24, 33, 0, 93),
	(4, '0', '', 'Jefferson', '2017-04-09 17:24:07', '', b'1', 's', 21.00, 0.00, 2.94, 23.94, 33, 0, 91),
	(5, '0', '', 'Jefferson', '2017-04-09 17:25:03', '', b'1', 's', 9.00, 0.00, 1.26, 10.26, 33, 0, 91),
	(6, '0', '', 'Jefferson', '2017-04-09 17:26:17', '', b'1', 's', 15.00, 0.00, 2.10, 17.10, 33, 0, 91),
	(7, '0', '', 'Jefferson', '2017-04-09 17:28:35', '', b'1', 's', 15.00, 0.00, 2.10, 17.10, 33, 0, 91),
	(8, '0', '', 'Jefferson', '2017-04-09 17:29:29', '', b'1', 's', 12.00, 0.00, 1.68, 13.68, 33, 0, 91),
	(9, '0', '', 'Jefferson', '2017-04-09 17:29:46', '', b'1', 's', 12.00, 0.00, 1.68, 13.68, 33, 0, 91),
	(10, '0', '', 'Jefferson', '2017-04-09 17:30:07', '', b'1', 's', 15.00, 0.00, 2.10, 17.10, 33, 0, 91),
	(11, '0', '', 'Jhonatan', '2017-04-09 17:30:24', '', b'1', 's', 101.00, 0.00, 14.14, 115.14, 33, 0, 92),
	(12, '0', '55', 'Nestor', '2017-04-09 17:37:52', '', b'1', 'n', 30.00, 0.00, 4.20, 34.20, 33, 0, 93),
	(13, '0', '', 'Jefferson', '2017-04-09 17:38:17', '', b'0', 'n', 30.00, 0.00, 4.20, 34.20, 33, 0, 91),
	(14, '0', '', 'Nestor', '2017-04-09 17:56:53', '', b'1', 's', 21.00, 0.00, 2.94, 23.94, 33, 0, 93),
	(15, '0', '', 'Jefferson', '2017-04-11 19:09:30', '', b'1', 's', 9.00, 0.00, 1.26, 10.26, 33, 0, 91),
	(16, '0', '', 'Jefferson', '2017-04-12 00:12:43', '', b'1', 's', 144.00, 0.00, 20.16, 164.16, 33, 0, 91),
	(17, '0', '', 'Jefferson', '2017-04-12 20:03:10', '', b'1', 's', 16462.50, 0.00, 2304.75, 17121.00, 33, 0, 91),
	(18, '0', '', 'Jefferson', '2017-04-12 20:34:54', '', b'1', 's', 15.00, 0.00, 2.10, 17.10, 33, 0, 91),
	(19, '0', '', 'Jhonatan', '2017-04-12 20:38:10', '', b'1', 's', 274308.75, 0.00, 38403.23, 285281.09, 33, 0, 92),
	(20, '0', '', 'Jefferson', '2017-04-13 03:27:15', '', b'1', 's', 9030.00, 1806.00, 1264.20, 8488.20, 33, 0, 91),
	(21, '0', '', 'Jefferson', '2017-05-13 20:02:31', '', b'1', 's', 279477.00, 2794.77, 39126.78, 315809.01, 33, 0, 91),
	(22, '0', '', 'Nestor', '2017-05-15 06:12:45', '', b'1', 's', 0.00, 0.00, 0.00, 0.00, 33, 0, 91),
	(23, '0', '', 'Nestor', '2017-05-15 06:13:28', '', b'1', 's', 1364.25, 0.00, 191.00, 1555.24, 33, 0, 91),
	(24, '0', '44531', 'Juan', '2017-06-29 17:53:43', '', b'1', 's', 1050016.02, 52500.80, 147002.24, 1144517.46, 33, 0, 93),
	(25, '0', '', 'Nestor', '2017-06-29 23:40:24', '', b'1', 's', 84.00, 0.00, 11.76, 95.76, 33, 0, 91),
	(26, '0', '001', 'Merino', '2017-07-20 21:15:11', '', b'1', 's', 15.00, 0.00, 2.10, 17.10, 33, 0, 92),
	(27, '0', '', 'Juan', '2017-07-22 23:12:41', '', b'1', 's', 270.00, 0.00, 37.80, 307.80, 33, 0, 93),
	(28, '0', '001', 'Andres', '2017-07-24 13:35:50', '', b'1', 's', 300.00, 0.00, 42.00, 342.00, 33, 0, 91),
	(29, '0', '', 'Andres', '2017-07-25 17:02:08', '', b'1', 's', 6.00, 0.00, 0.84, 6.84, 33, 0, 91),
	(30, '0', '', 'Andres', '2017-07-25 18:06:58', '', b'1', 's', 2000.00, 0.00, 200.00, 2200.00, 33, 0, 91),
	(31, '0', '', 'Andres', '2017-07-25 18:07:22', '', b'1', 's', 4000.00, 0.00, 400.00, 4400.00, 33, 0, 91),
	(32, '0', '', 'Andres', '2017-07-25 18:07:55', '', b'1', 's', 200.00, 0.00, 20.00, 220.00, 33, 0, 91),
	(33, '0', '765', 'Andres', '2017-07-27 16:03:56', '', b'1', 's', 10.00, 0.00, 0.80, 10.80, 33, 0, 91),
	(34, '0', '', 'Andres', '2017-10-04 23:35:43', '', b'1', 's', 2.00, 0.00, 0.16, 2.16, 33, 0, 91),
	(35, '0', '', 'Andres', '2017-10-04 23:35:51', '', b'1', 's', 2.00, 0.00, 0.16, 2.16, 33, 0, 91),
	(36, '0', '', 'Andres', '2017-10-04 23:36:18', '', b'1', 's', 2.00, 0.00, 0.24, 2.24, 33, 0, 91),
	(37, '0', '', 'Andres', '2017-10-05 02:11:49', '', b'1', 's', 30.00, 0.00, 2.40, 32.40, 33, 0, 91),
	(38, '0', '', 'Andres', '2017-10-12 23:13:39', '', b'1', 's', 3000.00, 0.00, 360.00, 3360.00, 33, 0, 91),
	(39, '0', '', 'Carlos', '2018-02-10 14:36:51', '', b'1', 's', 390.00, 0.00, 46.80, 436.80, 33, 0, 92),
	(40, '0', '', 'ICZEL', '2018-05-14 16:43:58', '', b'1', 's', 18.00, 0.00, 2.16, 20.16, 33, 0, 106),
	(41, '0', '', 'Andres', '2018-05-14 16:50:26', '', b'1', 's', 60.00, 0.00, 7.20, 67.20, 33, 0, 91),
	(42, '0', '', 'Andres', '2018-05-14 16:52:00', '', b'1', 's', 12.00, 0.00, 1.44, 13.44, 33, 0, 91),
	(43, '0', '', 'Petita', '2018-05-14 17:06:40', '', b'1', 's', 255.00, 0.00, 127.50, 382.50, 33, 0, 106),
	(44, '0', '123', 'Carlos', '2018-06-07 21:09:50', '', b'1', 's', 360.00, 0.00, 43.20, 403.20, 33, 0, 92),
	(45, '0', '', 'Andres', '2018-09-15 12:24:56', '', b'1', 's', 600.00, 0.00, 72.00, 672.00, 33, 0, 91),
	(46, '0', '', 'Andres', '2018-09-15 12:25:23', '', b'1', 's', 600.00, 0.00, 72.00, 672.00, 33, 0, 91),
	(47, '0', '', 'Andres', '2018-09-15 12:26:34', '', b'1', 's', 600.00, 0.00, 72.00, 672.00, 33, 0, 91),
	(48, '0', '', 'Andres', '2018-09-15 12:25:39', '', b'1', 's', 600.00, 0.00, 72.00, 672.00, 33, 0, 91),
	(49, '0', '', 'Andres', '2018-09-27 20:18:36', '', b'1', 's', 39.00, 0.00, 4.68, 43.68, 34, 0, 91),
	(50, '0', '123', 'Andres', '2018-10-11 10:31:06', '', b'1', 's', 1500.00, 0.00, 180.00, 1680.00, 33, 0, 91),
	(51, '0', '345', 'Carlos', '2018-10-11 10:33:20', '', b'1', 's', 468.00, 0.00, 56.16, 524.16, 33, 0, 92),
	(52, '0', '98', 'Sofia', '2018-10-11 10:34:46', '', b'1', 's', 200.00, 0.00, 24.00, 224.00, 33, 0, 107),
	(53, '0', '876', 'Andres', '2018-10-11 10:35:51', '', b'1', 's', 735.00, 0.00, 88.20, 823.20, 33, 0, 91),
	(54, '0', '675', 'Carlos', '2018-10-11 10:37:13', '', b'1', 's', 4296.00, 0.00, 515.52, 4811.52, 33, 0, 92),
	(55, '0', '150', 'Andres', '2018-10-18 14:31:52', '', b'1', 's', 9000.00, 0.00, 1080.00, 10080.00, 40, 0, 91),
	(56, '0', '1526', 'Andres', '2018-10-29 23:26:18', '', b'1', 's', 4719.00, 0.00, 566.28, 5285.28, 33, 0, 91),
	(57, '0', '1527', 'Andres', '2022-11-19 19:23:21', '', b'1', 's', 74.00, 0.00, 8.80, 82.80, 33, 0, 91),
	(58, '0', '2', 'Andy', '2022-11-21 23:12:55', '', b'1', 's', 0.48, 0.00, 0.06, 0.06, 33, 0, 105),
	(59, '0', '', 'Marcos', '2022-11-21 23:40:22', '', b'1', 's', 2.40, 0.00, 0.00, 2.00, 33, 0, 93),
	(60, '0', '', 'Andres', '2022-11-22 03:25:40', '', b'1', 's', 0.72, 0.00, 0.00, 0.00, 33, 0, 91),
	(61, '0', '444', 'Andres', '2022-11-22 03:27:27', '', b'1', 's', 79.92, 0.00, 0.00, 79.00, 33, 0, 91),
	(62, '0', '', 'Sofia', '2022-11-22 05:56:42', '', b'1', 's', 3.60, 0.00, 0.00, 3.00, 33, 0, 107),
	(63, '0', '23234', 'Petita', '2022-11-22 15:11:26', '', b'1', 's', 0.72, 0.00, 0.00, 0.00, 33, 0, 106),
	(64, '0', '13213', 'Carlos', '2022-11-22 15:10:56', '', b'1', 's', 0.72, 0.00, 0.00, 0.00, 33, 0, 92),
	(65, '0', '', 'Andres', '2022-11-23 01:31:55', '', b'1', 'n', 0.48, 0.00, 0.00, 0.00, 33, 0, 91),
	(66, '0', '', 'CONSUMIDOR', '2022-11-23 01:53:26', '', b'1', 's', 2.40, 0.00, 0.00, 2.00, 33, 0, 91),
	(67, '0', '', 'CONSUMIDOR', '2022-11-23 01:55:31', '', b'1', 's', 114.00, 0.00, 0.00, 114.00, 33, 0, 91),
	(68, '0', '', 'CONSUMIDOR', '2022-11-23 02:09:08', '', b'1', 's', 4.80, 0.00, 0.00, 4.00, 33, 0, 91),
	(69, '0', '', 'CONSUMIDOR', '2022-11-23 02:11:29', '', b'1', 's', 1.20, 0.00, 0.00, 1.00, 33, 0, 91),
	(70, '0', '', 'CONSUMIDOR', '2022-11-23 02:11:49', '', b'1', 's', 1.20, 0.00, 0.00, 1.00, 33, 0, 91),
	(71, '0', '', 'CONSUMIDOR', '2022-11-23 02:13:33', '', b'1', 's', 0.48, 0.00, 0.00, 0.00, 33, 0, 91),
	(72, '0', '', 'CONSUMIDOR', '2022-11-23 02:13:57', '', b'1', 's', 0.48, 0.00, 0.00, 0.00, 33, 0, 91),
	(73, '0', '', 'CONSUMIDOR', '2022-11-23 02:16:53', '', b'1', 's', 0.48, 0.00, 0.00, 0.00, 33, 0, 91),
	(74, '0', '', 'CONSUMIDOR', '2022-11-23 02:24:20', '', b'1', 's', 0.48, 0.00, 0.00, 0.00, 33, 0, 91),
	(75, '0', '', 'CONSUMIDOR', '2022-11-23 02:26:11', '', b'1', 's', 4.80, 0.00, 0.00, 4.00, 33, 0, 91),
	(76, '0', '', 'CONSUMIDOR', '2022-11-23 02:27:22', '', b'1', 's', 0.48, 0.00, 0.00, 0.00, 33, 0, 91),
	(77, '0', '', 'CONSUMIDOR', '2022-11-23 07:02:41', '', b'1', 's', 50.40, 0.00, 0.00, 50.00, 33, 0, 91),
	(78, '0', '', 'CONSUMIDOR', '2022-11-23 07:46:44', '', b'1', 's', 68.00, 0.00, 0.00, 68.00, 33, 0, 91),
	(79, '0', '', 'CONSUMIDOR', '2022-11-25 06:18:17', '', b'1', 's', 340.00, 0.00, 0.00, 340.00, 33, 0, 91),
	(80, '0', '', 'CONSUMIDOR', '2022-11-25 06:20:42', '', b'1', 's', 680.00, 0.00, 0.00, 680.00, 33, 0, 91),
	(81, '0', '', 'CONSUMIDOR', '2022-11-26 19:49:40', '', b'1', 's', 102.00, 0.00, 0.00, 102.00, 33, 0, 91),
	(82, '0', '', 'CONSUMIDOR', '2022-11-26 19:57:20', '', b'1', 's', 58.00, 0.00, 0.00, 58.00, 33, 0, 91),
	(83, '0', '', 'CONSUMIDOR', '2022-11-26 19:57:37', '', b'1', 's', 24.00, 0.00, 0.00, 24.00, 33, 0, 91),
	(84, '0', '', 'CONSUMIDOR', '2022-11-26 19:57:50', '', b'1', 's', 24.00, 0.00, 0.00, 24.00, 33, 0, 91),
	(85, '0', '', 'CONSUMIDOR', '2023-02-07 08:56:52', '', b'1', 's', 4.46, 0.00, 0.00, 4.00, 33, 0, 91),
	(86, '0', '', 'CONSUMIDOR', '2023-03-27 16:23:17', '', b'1', 's', 0.21, 0.00, 0.00, 0.00, 33, 0, 91);

CREATE TABLE IF NOT EXISTS `venta_detalle` (
  `detId` int(11) NOT NULL AUTO_INCREMENT,
  `venId` int(11) NOT NULL,
  `articulo` varchar(50) DEFAULT NULL,
  `cantidad` decimal(9,2) DEFAULT NULL,
  `precio` decimal(9,2) DEFAULT NULL,
  `subtotalitem` decimal(9,2) DEFAULT NULL,
  `descuento` decimal(9,2) DEFAULT NULL,
  `descuentolibras` decimal(9,2) DEFAULT NULL,
  `totalitem` decimal(9,2) DEFAULT NULL,
  `estado` int(1) DEFAULT NULL,
  `artId` int(11) NOT NULL,
  `observacion` varchar(120) DEFAULT NULL,
  PRIMARY KEY (`detId`,`venId`),
  KEY `Ref2323` (`venId`),
  KEY `Ref125` (`artId`),
  CONSTRAINT `Refarticulo252` FOREIGN KEY (`artId`) REFERENCES `articulo` (`artId`),
  CONSTRAINT `Refventa232` FOREIGN KEY (`venId`) REFERENCES `venta` (`venId`)
) ENGINE=InnoDB AUTO_INCREMENT=128 DEFAULT CHARSET=latin1 COLLATE=latin1_swedish_ci;

DELETE FROM `venta_detalle`;
INSERT INTO `venta_detalle` (`detId`, `venId`, `articulo`, `cantidad`, `precio`, `subtotalitem`, `descuento`, `descuentolibras`, `totalitem`, `estado`, `artId`, `observacion`) VALUES
	(1, 1, '     Cacao Viejo', 12.00, 3.00, NULL, NULL, NULL, 36.00, 1, 40, NULL),
	(2, 1, '        Cacao Nuevo', 100.00, 3.00, NULL, NULL, NULL, 300.00, 1, 41, NULL),
	(3, 1, '  Cacao Estandar', 4000.00, 3.00, NULL, NULL, NULL, 12000.00, 1, 42, NULL),
	(4, 1, '     Cacao Libiano', 3000.00, 3.00, NULL, NULL, NULL, 9000.00, 1, 43, NULL),
	(5, 1, ' Cacao Ecuatoriano', 1540.00, 3.00, NULL, NULL, NULL, 4620.00, 1, 44, NULL),
	(6, 1, 'nnnnnnn', 1.00, 1.00, NULL, NULL, NULL, 1.00, 1, 45, NULL),
	(7, 2, '     Cacao Viejo', 5000.00, 3.00, NULL, NULL, NULL, 15000.00, 1, 40, NULL),
	(8, 2, '        Cacao Nuevo', 5000.00, 3.00, NULL, NULL, NULL, 15000.00, 1, 41, NULL),
	(9, 2, '  Cacao Estandar', 400.00, 3.00, NULL, NULL, NULL, 1200.00, 1, 42, NULL),
	(10, 2, '     Cacao Libiano', 100.00, 3.00, NULL, NULL, NULL, 300.00, 1, 43, NULL),
	(11, 2, 'nnnnnnn', 20.00, 1.00, NULL, NULL, NULL, 20.00, 1, 45, NULL),
	(12, 3, '     Cacao Viejo', 1.00, 3.00, NULL, NULL, NULL, 3.00, 1, 40, NULL),
	(13, 3, '        Cacao Nuevo', 1.00, 3.00, NULL, NULL, NULL, 3.00, 1, 41, NULL),
	(14, 3, '  Cacao Estandar', 1.00, 3.00, NULL, NULL, NULL, 3.00, 1, 42, NULL),
	(15, 3, '     Cacao Libiano', 1.00, 3.00, NULL, NULL, NULL, 3.00, 1, 43, NULL),
	(16, 3, 'nnnnnnn', 4.00, 1.00, NULL, NULL, NULL, 4.00, 1, 45, NULL),
	(17, 4, '     Cacao Viejo', 7.00, 3.00, NULL, NULL, NULL, 21.00, 1, 40, NULL),
	(18, 5, '  Cacao Estandar', 3.00, 3.00, NULL, NULL, NULL, 9.00, 1, 42, NULL),
	(19, 6, '  Cacao Estandar', 5.00, 3.00, NULL, NULL, NULL, 15.00, 1, 42, NULL),
	(20, 7, '  Cacao Estandar', 5.00, 3.00, NULL, NULL, NULL, 15.00, 1, 42, NULL),
	(21, 8, '        Cacao Nuevo', 4.00, 3.00, NULL, NULL, NULL, 12.00, 1, 41, NULL),
	(22, 9, '        Cacao Nuevo', 4.00, 3.00, NULL, NULL, NULL, 12.00, 1, 41, NULL),
	(23, 10, '  Cacao Estandar', 5.00, 3.00, NULL, NULL, NULL, 15.00, 1, 42, NULL),
	(24, 11, '  Cacao Estandar', 21.00, 3.00, NULL, NULL, NULL, 63.00, 1, 42, NULL),
	(25, 11, '     Cacao Viejo', 7.00, 3.00, NULL, NULL, NULL, 21.00, 1, 40, NULL),
	(26, 11, '        Cacao Nuevo', 3.00, 3.00, NULL, NULL, NULL, 9.00, 1, 41, NULL),
	(27, 11, 'nnnnnnn', 8.00, 1.00, NULL, NULL, NULL, 8.00, 1, 45, NULL),
	(28, 12, '     Cacao Viejo', 5.00, 3.00, NULL, NULL, NULL, 15.00, 1, 40, NULL),
	(29, 12, 'nnnnnnn', 3.00, 1.00, NULL, NULL, NULL, 3.00, 1, 45, NULL),
	(30, 12, '     Cacao Libiano', 3.00, 3.00, NULL, NULL, NULL, 9.00, 1, 43, NULL),
	(31, 12, '  Cacao Estandar', 1.00, 3.00, NULL, NULL, NULL, 3.00, 1, 42, NULL),
	(32, 13, '  Cacao Estandar', 10.00, 3.00, NULL, NULL, NULL, 30.00, 1, 42, NULL),
	(33, 14, '  Cacao Estandar', 7.00, 3.00, NULL, NULL, NULL, 21.00, 1, 42, NULL),
	(34, 15, '     Cacao Libiano', 3.00, 3.00, NULL, NULL, NULL, 9.00, 1, 43, NULL),
	(35, 16, ' Cacao Ecuatoriano', 48.00, 3.00, NULL, NULL, NULL, 144.00, 1, 44, NULL),
	(36, 17, 'Cacao Viejo', 100.00, 3.00, 300.00, 30.00, 10.00, 270.00, 1, 40, '...g'),
	(37, 17, 'Cacao fourtino', 150.00, 1.00, 150.00, 75.00, 75.00, 75.00, 1, 45, '...muy verde'),
	(38, 17, 'Cacao Estandar', 400.00, 3.00, 1200.00, 0.00, 0.00, 1200.00, 1, 42, '...seco'),
	(39, 17, ' Cacao Ecuatoriano', 585.00, 30.00, 17550.00, 2632.50, 87.75, 14917.50, 1, 44, '...dañado'),
	(40, 18, 'Cacao Nuevo', 5.00, 3.00, 15.00, 0.00, 0.00, 15.00, 1, 41, '...'),
	(41, 19, 'Cacao Nuevo', 400.00, 3.00, 1200.00, 600.00, 200.00, 600.00, 1, 41, '...blanco'),
	(42, 19, 'Cacao Viejo', 400.00, 3.00, 1200.00, 24.00, 8.00, 1176.00, 1, 40, '...nuevo'),
	(43, 19, 'Cacao fourtino', 165.00, 1.00, 165.00, 8.25, 8.25, 156.75, 1, 45, '...seco'),
	(44, 19, 'Cacao Libiano', 800.00, 3.00, 2400.00, 24.00, 8.00, 2376.00, 1, 43, '...demasido seco'),
	(45, 19, 'Cacao Estandar', 100000.00, 3.00, 300000.00, 30000.00, 10000.00, 270000.00, 1, 42, '...verde un poco'),
	(46, 20, 'Cacao Viejo', 500.00, 3.00, 1500.00, 150.00, 50.00, 1350.00, 1, 40, '...terrible'),
	(47, 20, 'Cacao Estandar', 800.00, 3.00, 2400.00, 480.00, 160.00, 1920.00, 1, 42, '...muy malo'),
	(48, 20, 'Cacao fourtino', 6000.00, 1.00, 6000.00, 240.00, 240.00, 5760.00, 1, 45, '...se puede curar'),
	(49, 21, 'Cacao Nuevo', 99000.00, 3.00, 297000.00, 29700.00, 9900.00, 267300.00, 1, 41, '...Poco verde'),
	(50, 21, 'Cacao Viejo', 600.00, 3.00, 1800.00, 1782.00, 594.00, 18.00, 1, 40, '...Esta verde, monilla'),
	(51, 21, 'Cacao Libiano', 40.00, 3.00, 120.00, 36.00, 12.00, 84.00, 1, 43, '...Verde'),
	(52, 21, 'Cacao fourtino', 150.00, 1.00, 150.00, 75.00, 75.00, 75.00, 1, 45, '...Casi seco'),
	(53, 21, 'Cacao Estandar', 5000.00, 3.00, 15000.00, 3000.00, 1000.00, 12000.00, 1, 42, '...No esta Verde'),
	(55, 23, 'Cacao Viejo', 500.00, 3.00, 1500.00, 150.00, 50.00, 1350.00, 1, 40, '...Dañado'),
	(56, 23, 'Cacao Estandar', 5.00, 3.00, 15.00, 0.75, 0.25, 14.25, 1, 42, '...Mal'),
	(57, 24, 'Cacao Libiano', 6.00, 3.00, 18.00, 1.98, 0.66, 16.02, 1, 43, '...eghjreg'),
	(58, 24, 'Cacao Nuevo', 350000.00, 3.00, 1050000.00, 0.00, 0.00, 1050000.00, 1, 41, '...'),
	(59, 25, 'Cacao Nuevo', 12.00, 3.00, NULL, NULL, NULL, 36.00, 1, 41, NULL),
	(60, 25, 'Cacao fourtino', 48.00, 1.00, NULL, NULL, NULL, 48.00, 1, 45, NULL),
	(61, 26, 'Cacao Estandar', 5.00, 3.00, NULL, NULL, NULL, 15.00, 1, 42, NULL),
	(62, 27, 'Cacao Nuevo', 90.00, 3.00, NULL, NULL, NULL, 270.00, 1, 41, NULL),
	(63, 28, 'Cacao Libiano', 100.00, 3.00, NULL, NULL, NULL, 300.00, 1, 43, NULL),
	(64, 29, 'Cacao Estandar', 6.00, 1.00, NULL, NULL, NULL, 6.00, 1, 42, NULL),
	(65, 30, 'Cacao Viejo', 1000.00, 2.00, NULL, NULL, NULL, 2000.00, 1, 40, NULL),
	(66, 31, 'Cacao Estandar', 2000.00, 2.00, NULL, NULL, NULL, 4000.00, 1, 42, NULL),
	(67, 32, 'Cacao Libiano', 100.00, 2.00, NULL, NULL, NULL, 200.00, 1, 43, NULL),
	(68, 33, 'Cacao Libiano', 5.00, 2.00, NULL, NULL, NULL, 10.00, 1, 43, NULL),
	(69, 34, 'Cacao Nuevo', 1.00, 2.00, NULL, NULL, NULL, 2.00, 1, 41, NULL),
	(70, 35, 'Cacao Nuevo', 1.00, 2.00, NULL, NULL, NULL, 2.00, 1, 41, NULL),
	(71, 36, 'Cacao Nuevo', 1.00, 2.00, NULL, NULL, NULL, 2.00, 1, 41, NULL),
	(72, 37, 'Cacao Nuevo', 10.00, 3.00, NULL, NULL, NULL, 30.00, 1, 41, NULL),
	(73, 38, 'Cacao Viejo', 1000.00, 3.00, NULL, NULL, NULL, 3000.00, 1, 40, NULL),
	(74, 39, ' Cacao Ecuatoriano', 50.00, 3.00, NULL, NULL, NULL, 150.00, 1, 44, NULL),
	(75, 39, 'Cacao Nuevo', 80.00, 3.00, NULL, NULL, NULL, 240.00, 1, 41, NULL),
	(76, 40, 'Cacao Viejo', 6.00, 3.00, NULL, NULL, NULL, 18.00, 1, 40, NULL),
	(77, 41, 'Cacao fourtino', 20.00, 3.00, NULL, NULL, NULL, 60.00, 1, 45, NULL),
	(78, 42, 'Cacao Viejo', 4.00, 3.00, NULL, NULL, NULL, 12.00, 1, 40, NULL),
	(79, 43, 'hyh', 15.00, 17.00, NULL, NULL, NULL, 255.00, 1, 46, NULL),
	(80, 44, 'Cacao Nuevo', 120.00, 3.00, NULL, NULL, NULL, 360.00, 1, 41, NULL),
	(81, 45, 'Cacao Nuevo', 200.00, 3.00, NULL, NULL, NULL, 600.00, 1, 41, NULL),
	(82, 46, 'Cacao Nuevo', 200.00, 3.00, NULL, NULL, NULL, 600.00, 1, 41, NULL),
	(83, 47, 'Cacao Nuevo', 200.00, 3.00, NULL, NULL, NULL, 600.00, 1, 41, NULL),
	(84, 48, 'Cacao Libiano', 200.00, 3.00, NULL, NULL, NULL, 600.00, 1, 43, NULL),
	(85, 49, 'Cacao Estandar', 12.00, 3.25, NULL, NULL, NULL, 39.00, 1, 42, NULL),
	(86, 50, 'cacao Nuevo ', 500.00, 3.00, NULL, NULL, NULL, 1500.00, 1, 47, NULL),
	(87, 51, 'Cacao Viejo ', 234.00, 2.00, NULL, NULL, NULL, 468.00, 1, 48, NULL),
	(88, 52, 'Cacao Viejo ', 100.00, 2.00, NULL, NULL, NULL, 200.00, 1, 48, NULL),
	(89, 53, 'cacao Nuevo ', 245.00, 3.00, NULL, NULL, NULL, 735.00, 1, 47, NULL),
	(90, 54, 'cacao Nuevo ', 1432.00, 3.00, NULL, NULL, NULL, 4296.00, 1, 47, NULL),
	(91, 55, 'cacao Nuevo ', 3000.00, 3.00, NULL, NULL, NULL, 9000.00, 1, 47, NULL),
	(92, 56, 'cacao Nuevo ', 1573.00, 3.00, NULL, NULL, NULL, 4719.00, 1, 47, NULL),
	(93, 57, 'ARROZ INTEGRAL', 2.00, 18.00, NULL, NULL, NULL, 36.00, 1, 44, NULL),
	(94, 57, 'ARROZ GRANO LARGO', 2.00, 17.00, NULL, NULL, NULL, 34.00, 1, 46, NULL),
	(95, 58, 'ARROZ GRANULADO', 2.00, 0.24, NULL, NULL, NULL, 0.48, 1, 43, NULL),
	(96, 59, 'ARROZ GRANO LARGOo', 10.00, 0.24, NULL, NULL, NULL, 2.40, 1, 47, NULL),
	(97, 60, 'ARROZ GRANULADO', 3.00, 0.24, NULL, NULL, NULL, 0.72, 1, 45, NULL),
	(98, 61, 'ARROZ INTEGRAL', 333.00, 0.24, NULL, NULL, NULL, 79.92, 1, 46, NULL),
	(99, 62, 'ARROZ GRANULADO', 15.00, 0.24, NULL, NULL, NULL, 3.60, 1, 43, NULL),
	(100, 63, 'ARROZ INTEGRAL', 3.00, 0.24, NULL, NULL, NULL, 0.72, 1, 46, NULL),
	(101, 64, 'ARROZ INTEGRAL', 3.00, 0.24, NULL, NULL, NULL, 0.72, 1, 46, NULL),
	(102, 65, 'ARROZ GRANULADO', 2.00, 0.24, NULL, NULL, NULL, 0.48, 1, 45, NULL),
	(103, 66, 'ARROZ INTEGRAL', 10.00, 0.24, NULL, NULL, NULL, 2.40, 1, 46, NULL),
	(104, 67, 'ARROZ INTEGRAL', 7.00, 0.24, NULL, NULL, NULL, 1.68, 1, 46, NULL),
	(105, 67, 'ARROZ GRANO LARGO', 390.00, 0.24, NULL, NULL, NULL, 93.60, 1, 47, NULL),
	(106, 67, 'ARROZ GRANULADO', 78.00, 0.24, NULL, NULL, NULL, 18.72, 1, 45, NULL),
	(107, 68, 'ARROZ GRANO LARGO', 20.00, 0.24, NULL, NULL, NULL, 4.80, 1, 47, NULL),
	(108, 69, 'ARROZ INTEGRAL', 5.00, 0.24, NULL, NULL, NULL, 1.20, 1, 46, NULL),
	(109, 70, 'ARROZ GRANO LARGO', 5.00, 0.24, NULL, NULL, NULL, 1.20, 1, 47, NULL),
	(110, 71, 'ARROZ INTEGRAL', 2.00, 0.24, NULL, NULL, NULL, 0.48, 1, 46, NULL),
	(111, 72, 'ARROZ INTEGRAL', 2.00, 0.24, NULL, NULL, NULL, 0.48, 1, 46, NULL),
	(112, 73, 'ARROZ GRANO LARGO', 2.00, 0.24, NULL, NULL, NULL, 0.48, 1, 47, NULL),
	(113, 74, 'ARROZ GRANO LARGO', 2.00, 0.24, NULL, NULL, NULL, 0.48, 1, 47, NULL),
	(114, 75, 'ARROZ GRANO LARGO', 20.00, 0.24, NULL, NULL, NULL, 4.80, 1, 47, NULL),
	(115, 76, 'ARROZ GRANO LARGO', 2.00, 0.24, NULL, NULL, NULL, 0.48, 1, 47, NULL),
	(116, 77, 'ARROZ INTEGRAL', 10.00, 0.24, NULL, NULL, NULL, 2.40, 1, 46, NULL),
	(117, 77, 'ARROZ GRANO LARGO', 200.00, 0.24, NULL, NULL, NULL, 48.00, 1, 47, NULL),
	(118, 78, 'ARROZ GRANO LARGO', 200.00, 0.34, NULL, NULL, NULL, 68.00, 1, 47, NULL),
	(119, 79, 'ARROZ GRANO LARGO', 1000.00, 0.34, NULL, NULL, NULL, 340.00, 1, 47, NULL),
	(120, 80, 'ARROZ GRANO CORTO', 2000.00, 0.34, NULL, NULL, NULL, 680.00, 1, 45, NULL),
	(121, 81, 'ARROZ GRANO LARGO', 300.00, 0.34, NULL, NULL, NULL, 102.00, 1, 47, NULL),
	(122, 82, 'ARROZ GRANO MEDIO', 100.00, 0.24, NULL, NULL, NULL, 24.00, 1, 46, NULL),
	(123, 82, 'ARROZ GRANO CORTO', 100.00, 0.34, NULL, NULL, NULL, 34.00, 1, 45, NULL),
	(124, 83, 'ARROZ GRANO MEDIO', 100.00, 0.24, NULL, NULL, NULL, 24.00, 1, 46, NULL),
	(125, 84, 'ARROZ GRANO MEDIO', 100.00, 0.24, NULL, NULL, NULL, 24.00, 1, 46, NULL),
	(126, 85, 'ARROZ INTEGRAL', 2.00, 2.23, NULL, NULL, NULL, 4.46, 1, 51, NULL),
	(127, 86, 'LLAVE 10', 1.00, 0.21, NULL, NULL, NULL, 0.21, 1, 50, NULL);

CREATE TABLE IF NOT EXISTS `web_usuario` (
  `wusId` int(11) NOT NULL AUTO_INCREMENT,
  `nombre` varchar(50) DEFAULT NULL,
  `clave` varchar(100) DEFAULT NULL,
  `ultimoingreso` datetime DEFAULT NULL,
  `fecharegistro` datetime DEFAULT NULL,
  `estado` int(1) DEFAULT NULL,
  `cliId` int(11) NOT NULL,
  PRIMARY KEY (`wusId`),
  KEY `Ref34` (`cliId`),
  CONSTRAINT `Refcliente42` FOREIGN KEY (`cliId`) REFERENCES `cliente` (`cliId`)
) ENGINE=InnoDB DEFAULT CHARSET=latin1 COLLATE=latin1_swedish_ci;

DELETE FROM `web_usuario`;

SET @OLDTMP_SQL_MODE=@@SQL_MODE, SQL_MODE='NO_AUTO_VALUE_ON_ZERO';
DELIMITER //
CREATE TRIGGER `compra_detalle_BI_TRIGGER` BEFORE INSERT ON `compra_detalle` FOR EACH ROW BEGIN
    UPDATE articulo set stock = (NEW.cantidad+stock) where artId = NEW.artId;
END//
DELIMITER ;
SET SQL_MODE=@OLDTMP_SQL_MODE;

SET @OLDTMP_SQL_MODE=@@SQL_MODE, SQL_MODE='NO_AUTO_VALUE_ON_ZERO';
DELIMITER //
CREATE TRIGGER `venta_detalle_BI_TRIGGER` BEFORE INSERT ON `venta_detalle` FOR EACH ROW BEGIN
    DECLARE stock_actual INT;
    SELECT art.stock INTO stock_actual from articulo art where art.artId = NEW.artId;
    IF NEW.cantidad > stock_actual THEN
        delete from detalle_venta where detId = NEW.detId and venId = NEW.venId;
    ELSE
        update articulo a set a.stock = (a.stock - NEW.cantidad) where a.artId = NEW.artId;
    END IF; 
END//
DELIMITER ;
SET SQL_MODE=@OLDTMP_SQL_MODE;

/*!40103 SET TIME_ZONE=IFNULL(@OLD_TIME_ZONE, 'system') */;
/*!40101 SET SQL_MODE=IFNULL(@OLD_SQL_MODE, '') */;
/*!40014 SET FOREIGN_KEY_CHECKS=IFNULL(@OLD_FOREIGN_KEY_CHECKS, 1) */;
/*!40101 SET CHARACTER_SET_CLIENT=@OLD_CHARACTER_SET_CLIENT */;
/*!40111 SET SQL_NOTES=IFNULL(@OLD_SQL_NOTES, 1) */;
